movie_id,title,name,credits,net_to_date
17707,Brokedown Palace,A. Kitman Ho,0,0
9626,Red Sonja,A. Michael Lieberman,0,0
10761,Made of Honor,Aaron Kaplan,0,0
8467,Dumb and Dumber,Aaron Meyerson,0,0
9907,Barnyard,Aaron Parry,0,0
141,Donnie Darko,Aaron Ryder,1,30723096
9902,Wrong Turn,Aaron Ryder,2,25993618
77,Memento,Aaron Ryder,0,0
66125,Red Dog,Aaron Ryder,3,42044193
16052,Selena,Abraham Quintanilla Jr,0,0
11517,Money Train,Adam Fields,0,0
10663,The Waterboy,Adam Sandler,0,0
11090,The Animal,Adam Sandler,1,162991646
10022,The Pacifier,Adam Shankman,0,0
23742,Cop Out,Adam Siegel,0,0
21972,Like Mike,Adam Silver,0,0
171274,Inherent Vice,Adam Somner,0,0
286217,The Martian,Aditya Sood,0,0
219,Volver,Agustín Almodóvar,1,9767275
20,My Life Without Me,Agustín Almodóvar,0,0
315011,Shin Godzilla,Akihiro Yamauchi,0,0
41436,Paranormal Activity 2,Akiva Goldsman,0,0
18191,Edmond,Al Corley,0,0
853,Enemy at the Gates,Alain Godard,0,0
8619,Master and Commander: The Far Side of the World,Alan B. Curtiss,0,0
392,Chocolat,Alan C. Blomquist,0,0
59728,The 5th Quarter,Alan Cohen,0,0
8848,The Bank Job,Alan Glazer,0,0
12596,Pushing Tin,Alan Greenspan,1,6954997
9366,Donnie Brasco,Alan Greenspan,0,0
9313,The Man in the Iron Mask,"Alan Ladd, Jr.",0,0
12621,Hamlet 2,Albert Berger,0,0
9291,The Longest Yard,Albert S. Ruddy,1,-4407277
9991,Mean Machine,Albert S. Ruddy,0,0
77495,Sleep Tight,Alberto Marini,0,0
214756,Ted 2,Alec Sulkin,1,46778557
188161,A Million Ways to Die in the West,Alec Sulkin,0,0
765,Evil Dead II,Alex De Benedetti,0,0
2116,Out of Time,Alex Gartner,0,0
14836,Coraline,Alex Heineman,0,0
18240,The Proposal,Alex Kurtzman,1,235680446
13475,Star Trek,Alex Kurtzman,0,0
34851,Predators,Alex Young,0,0
10162,Waking Ned,Alexandre Heylen,0,0
5,Four Rooms,Alexandre Rockwell,0,0
11025,New York Minute,Alison Greenspan,0,0
32274,Cradle Will Rock,Allan F. Nicholls,0,0
3877,Things We Lost in the Fire,Allan Loeb,0,0
11258,Hard Rain,Allison Lyon Segan,0,0
51497,Fast Five,Amanda Lewis,0,0
11199,Wild Hogs,Amy Sayres,1,436642939
693,Meet the Fockers,Amy Sayres,0,0
8337,They Live,Andre Blay,0,0
9408,Surf's Up,Andrea Miloro,0,0
1591,Nowhere in Africa,Andreas Bareiß,0,0
504,Monster,Andreas Grosch,0,0
1590,Copying Beethoven,Andreas Grosch,2,44878584
7304,Running Scared,Andreas Grosch,1,52378584
7220,The Punisher,Andreas Schmid,0,0
9978,Stormbreaker,Andreas Schmid,1,21700105
411,"The Chronicles of Narnia: The Lion, the Witch and the Wardrobe",Andrew Adamson,0,0
810,Shrek the Third,Andrew Adamson,1,568806957
417859,Puss in Boots,Andrew Adamson,2,1207765122
11027,The Postman Always Rings Twice,Andrew Braunsberg,0,0
11190,The Return,Andrew Colton,0,0
1911,The 13th Warrior,Andrew G. Vajna,0,0
8870,Red Planet,Andrew Mason,0,0
140823,Saving Mr. Banks,Andrew Mason,3,192722125
9637,Scooby-Doo,Andrew Mason,1,-46536031
588,Silent Hill,Andrew Mason,2,145114672
594,The Terminal,Andrew Niccol,0,0
192141,No Escape,Andrew Pfeffer,0,0
62211,Monsters University,Andrew Stanton,3,1481638156
150540,Inside Out,Andrew Stanton,4,2025197763
585,"Monsters, Inc.",Andrew Stanton,0,0
14160,Up,Andrew Stanton,2,921539074
2062,Ratatouille,Andrew Stanton,1,447816256
2122,The Whole Ten Yards,Andrew Stevens,0,0
9963,Premonition,Andrew Sugerman,0,0
11835,Death Sentence,Andrew Sugerman,1,64146832
49530,In Time,Andrew Z. Davis,2,117606189
9533,Red Dragon,Andrew Z. Davis,0,0
31867,Repo Men,Andrew Z. Davis,1,131196298
227975,Futuro Beach,Andro Steinborn,0,0
10217,The Sweet Hereafter,András Hámori,0,0
9700,The Lost City,Andy García,0,0
2662,House of 1000 Corpses,Andy Given,0,0
40688,Meet the Deedles,Andy Heyward,0,0
172533,Drinking Buddies,Anish Savjani,0,0
8197,Midnight in the Garden of Good and Evil,Anita Zuckerman,0,0
12620,The House Bunny,Anna Faris,0,0
8328,Step Up 2: The Streets,Anne Fletcher,0,0
201132,Antarctica: A Year on Ice,Anthony Biello,0,0
8272,The Savages,Anthony Bregman,0,0
18480,Brüno,Anthony Hines,0,0
10741,Bobby,Anthony Hopkins,0,0
43539,The Next Three Days,Anthony Katagas,0,0
44754,Margaret,Anthony Minghella,0,0
16323,The Rose,Anthony Ray,0,0
10764,Quantum of Solace,Anthony Waye,0,0
84200,"For a Good Time, Call...",Ari Graynor,0,0
86834,Noah,Ari Handel,1,314803731
44214,Black Swan,Ari Handel,0,0
62835,Colombiana,Ariel Zeitoun,0,0
9693,Children of Men,Armyan Bernstein,1,62449929
1588,Bring It On,Armyan Bernstein,0,0
587,Big Fish,Arne Schmidt,2,247109166
10590,We Were Soldiers,Arne Schmidt,0,0
7451,xXx,Arne Schmidt,1,39660784
11342,Warlock,Arnold Kopelson,1,121728258
10246,Porky's,Arnold Kopelson,0,0
10048,Stealth,Arnold Messer,0,0
4244,The Kid,Arnold Rifkin,0,0
9593,Last Action Hero,Arnold Schwarzenegger,0,0
38322,"Big Mommas: Like Father, Like Son",Arnon Milchan,19,1578740098
11260,Meet Dave,Arnon Milchan,13,796627497
6477,Alvin and the Chipmunks,Arnon Milchan,10,400831607
40264,Vampires Suck,Arnon Milchan,18,1518192232
10885,Shutter,Arnon Milchan,12,756845071
820,JFK,Arnon Milchan,0,0
11565,Big Momma's House 2,Arnon Milchan,8,274024119
13166,Freddy Got Fingered,Arnon Milchan,4,213710157
7278,Meet the Spartans,Arnon Milchan,11,702198240
116741,The Internship,Arnon Milchan,20,1630355512
38579,Marmaduke,Arnon Milchan,16,1339499957
550,Fight Club,Arnon Milchan,3,175856404
14306,Marley & Me,Arnon Milchan,14,787277576
16172,Simply Irresistible,Arnon Milchan,2,177457415
12312,Joe Somebody,Arnon Milchan,5,212959162
10073,Date Movie,Arnon Milchan,9,372283181
1710,Copycat,Arnon Milchan,1,165405498
37834,Knight and Day,Arnon Milchan,17,1373261801
10591,The Girl Next Door,Arnon Milchan,7,268612936
2251,Unfaithful,Arnon Milchan,6,199475152
23398,Alvin and the Chipmunks: The Squeakquel,Arnon Milchan,15,971359952
5915,Into the Wild,Art Linson,1,-11588043
9787,Lords of Dogtown,Art Linson,0,0
907,Doctor Zhivago,Arvid Griffen,0,0
9009,Dark Water,Ashley Kramer,0,0
8374,The Boondock Saints,Ashok Amritraj,0,0
23631,Machete,Ashok Amritraj,1,-5969529
60420,Like Crazy,Audrey Wilf,0,0
557,Spider-Man,Avi Arad,0,0
25678,American Ninja 2: The Confrontation,Avi Lerner,0,0
188207,The Legend of Hercules,Avi Lerner,1,3650000
262543,Automata,Avi Lerner,2,-5070548
302156,Criminal,Avi Lerner,3,-13295090
11036,The Notebook,Avram Butch Kaplan,0,0
25983,The House of the Devil,Badie Ali,0,0
52015,Stake Land,Badie Ali,1,-897188
2989,Roar,Banjiro Uemura,0,0
50456,Hanna,Barbara A. Hall,0,0
769,GoodFellas,Barbara De Fina,0,0
82687,The Guilt Trip,Barbra Streisand,0,0
9945,Vampires,Barr B. Potter,0,0
10013,Peggy Sue Got Married,Barrie M. Osborne,0,0
10448,Rapa Nui,Barrie M. Osborne,1,23382841
64682,The Great Gatsby,Barrie M. Osborne,5,361823001
9912,The World's Fastest Indian,Barrie M. Osborne,4,367831713
9566,The Fan,Barrie M. Osborne,2,3687911
603,The Matrix,Barrie M. Osborne,3,-32685670
34723,The Adventures of Huck Finn,Barry Bernardi,0,0
10661,You Don't Mess with the Zohan,Barry Bernardi,5,261341911
9339,Click,Barry Bernardi,4,106160612
109418,Grown Ups 2,Barry Bernardi,6,372938219
9957,The Benchwarmers,Barry Bernardi,3,76096886
9457,Deep Rising,Barry Bernardi,1,17603594
10756,The Haunted Mansion,Barry Bernardi,2,-16193380
262500,Insurgent,Barry H. Waldman,2,421458855
9923,Domino,Barry H. Waldman,0,0
150689,Cinderella,Barry H. Waldman,1,-27055498
1389,Out of Sight,Barry Sonnenfeld,0,0
88641,There Goes My Baby,Barry Spikings,0,0
273481,Sicario,Basil Iwanyk,0,0
49950,The Roommate,Beau Marks,0,0
17134,12 Rounds,Becki Cross Trujillo,0,0
134411,Snitch,Becki Cross Trujillo,1,-2719674
206563,Trash,Bel Berlinck,0,0
13495,Alatriste,Belén Atienza,0,0
21413,The Battle of Shaker Heights,Ben Affleck,0,0
10070,Feast,Ben Affleck,1,-160855
10090,Reno 911!: Miami,Ben Garant,0,0
9384,Starsky & Hutch,Ben Stiller,0,0
38055,Megamind,Ben Stiller,1,110268750
1372,Blood Diamond,Ben Waisbren,1,78511035
225886,Sex Tape,Ben Waisbren,5,203761614
752,V for Vendetta,Ben Waisbren,0,0
13184,Bangkok Dangerous,Ben Waisbren,3,160092796
228967,The Interview,Ben Waisbren,7,427161861
184098,Think Like a Man Too,Ben Waisbren,4,157580186
156022,The Equalizer,Ben Waisbren,6,289831123
256961,Paul Blart: Mall Cop 2,Ben Waisbren,9,450904041
14043,Nancy Drew,Ben Waisbren,2,149388951
198184,Chappie,Ben Waisbren,8,395504493
222936,Aloha,Ben Waisbren,10,520501283
8285,The Spirit,Benjamin Melniker,0,0
158852,Tomorrowland,Bernard Bellew,0,0
321697,Steve Jobs,Bernard Bellew,1,19154322
11876,The Horseman on the Roof,Bernard Bouix,0,0
10027,Unleashed,Bernard Grenet,1,-2415869
10045,District B13,Bernard Grenet,0,0
31640,Blood and Wine,Bernard Williams,1,82000000
9986,Charlotte's Web,Bernard Williams,3,100783119
11353,Bowfinger,Bernard Williams,2,57083350
193,Star Trek: Generations,Bernard Williams,0,0
525,The Blues Brothers,Bernie Brillstein,0,0
13938,The Last Dragon,Berry Gordy,0,0
12437,Underworld: Rise of the Lycans,Beth DePatie,0,0
242582,Nightcrawler,Betsy Danbury,0,0
14299,Cadillac Records,Beyoncé Knowles,0,0
2755,About Schmidt,Bill Badalato,0,0
17654,District 9,Bill Block,0,0
9470,Kung Fu Hustle,Bill Borden,0,0
4474,My Super Ex-Girlfriend,Bill Carraro,1,17920346
7978,The Wolfman,Bill Carraro,2,48693202
5820,The Sentinel,Bill Carraro,0,0
15045,Fat Albert,Bill Cosby,1,16814909
11978,Men of Honor,Bill Cosby,0,0
72710,The Host,Bill Johnson,3,-1917686
64689,Killing Them Softly,Bill Johnson,2,-24848151
244783,Song One,Bill Johnson,4,17409515
4723,Southland Tales,Bill Johnson,0,0
49021,Killer Elite,Bill Johnson,1,-16625257
8963,Crimson Tide,Bill Unger,0,0
10028,Honey,Billy Higgins,0,0
335,Once Upon a Time in the West,Bino Cicogna,0,0
12657,Soul Plane,Bo Zenga,0,0
44945,Trust,Boaz Davidson,2,-35997444
47327,Drive Angry,Boaz Davidson,3,-45377444
204082,Homefront,Boaz Davidson,4,-66446043
11699,The Bad Lieutenant: Port of Call - New Orleans,Boaz Davidson,1,-21586546
10425,The Death and Life of Bobby Z,Boaz Davidson,0,0
272878,Max,Boaz Yakin,0,0
2667,The Blair Witch Project,Bob Eick,0,0
16769,Coal Miner's Daughter,Bob Larson,0,0
9459,Woodstock,Bob Maurice,0,0
4256,Scary Movie 3,Bob Weinstein,21,3252692534
3021,1408,Bob Weinstein,36,4717084532
4248,Scary Movie 2,Bob Weinstein,11,1006748076
4232,Scream,Bob Weinstein,3,212460414
2289,Cold Mountain,Bob Weinstein,23,4450254730
14047,The Great Debaters,Bob Weinstein,38,4825860320
4442,The Brothers Grimm,Bob Weinstein,31,4716536038
14199,The Adventures of Sharkboy and Lavagirl,Bob Weinstein,29,4766943570
3131,Gangs of New York,Bob Weinstein,16,1998657843
24,Kill Bill: Vol. 1,Bob Weinstein,20,3101743534
82693,Silver Linings Playbook,Bob Weinstein,43,5010794361
2294,Jay and Silent Bob Strike Back,Bob Weinstein,12,1102968754
13922,The Great Raid,Bob Weinstein,30,4786369536
2142,Cop Land,Bob Weinstein,4,371507077
24150,Halloween II,Bob Weinstein,40,4859191575
4912,Confessions of a Dangerous Mind,Bob Weinstein,18,2939717747
187,Sin City,Bob Weinstein,28,4648209750
2074,Flirting with Disaster,Bob Weinstein,1,-218449
87093,Big Eyes,Bob Weinstein,46,5495308929
5876,The Mist,Bob Weinstein,37,4786764130
1934,Shakespeare in Love,Bob Weinstein,6,617302699
10358,Zack and Miri Make a Porno,Bob Weinstein,39,4841086464
9682,Pulse,Bob Weinstein,33,4769331381
295964,Burnt,Bob Weinstein,49,5576289267
409,The English Patient,Bob Weinstein,2,7483989
393,Kill Bill: Vol. 2,Bob Weinstein,26,4541755388
307081,Southpaw,Bob Weinstein,48,5514579440
234212,Demonic,Bob Weinstein,47,5514192440
9842,School for Scoundrels,Bob Weinstein,34,4761239066
45317,The Fighter,Bob Weinstein,41,4883613042
56288,Spy Kids: All the Time in the World,Bob Weinstein,42,4952230051
9276,The Faculty,Bob Weinstein,7,881620493
285923,Grindhouse,Bob Weinstein,35,4759046635
489,Good Will Hunting,Bob Weinstein,5,401369264
12279,Spy Kids 3-D: Game Over,Bob Weinstein,19,2942731552
19457,The Yards,Bob Weinstein,8,906903814
189,Sin City: A Dame to Kill For,Bob Weinstein,45,5520901313
68718,Django Unchained,Bob Weinstein,44,5195533075
10054,Spy Kids,Bob Weinstein,10,893813896
273248,The Hateful Eight,Bob Weinstein,50,5592896010
10571,Boys and Girls,Bob Weinstein,9,889186524
122,The Lord of the Rings: The Return of the King,Bob Weinstein,22,3425365751
120,The Lord of the Rings: The Fellowship of the Ring,Bob Weinstein,13,1114756915
10012,Cursed,Bob Weinstein,27,4663914849
14442,Ella Enchanted,Bob Weinstein,25,4545366621
11056,Darkness,Bob Weinstein,15,1974848637
9541,Jersey Girl,Bob Weinstein,24,4544268239
121,The Lord of the Rings: The Two Towers,Bob Weinstein,17,2092430347
9488,Spy Kids 2: The Island of Lost Dreams,Bob Weinstein,14,1893125279
319,True Romance,Bob Weinstein,0,0
8999,Derailed,Bob Weinstein,32,4733852305
9515,The Matador,Bob Yari,1,-2080803
13919,The Chumscrubber,Bob Yari,2,5216441
1546,Thumbsucker,Bob Yari,0,0
3682,54,Bobby Cohen,0,0
8390,"Definitely, Maybe",Bobby Cohen,1,3757163
544,There's Something About Mary,Bobby Farrelly,0,0
11460,Red Eye,Bonnie Curtis,0,0
9614,Happy Gilmore,Brad Grey,0,0
9894,The Cable Guy,Brad Grey,1,29205099
9208,Broken Arrow,Brad Lewis,0,0
9877,Urban Legend,Brad Luff,0,0
228150,Fury,Brad Pitt,2,206823808
38167,Eat Pray Love,Brad Pitt,1,62229792
24420,The Time Traveler's Wife,Brad Pitt,0,0
273895,Selma,Brad Pitt,3,350641714
1495,Kingdom of Heaven,Branko Lustig,0,0
4982,American Gangster,Branko Lustig,1,81643158
35169,Furry Vengeance,Brendan Fraser,0,0
12612,Freeze Frame,Brendan McCarthy,0,0
8836,The X Files: I Want to Believe,Brent O'Connor,0,0
68735,Warcraft,Brent O'Connor,2,57548047
68737,Seventh Son,Brent O'Connor,1,38369434
261023,Black Mass,Brett Ratner,4,112011271
42684,Skyline,Brett Ratner,1,34823199
256917,The Water Diviner,Brett Ratner,3,118991248
8065,21,Brett Ratner,0,0
209451,Jersey Boys,Brett Ratner,2,91644235
10537,The Doors,Brian Grazer,0,0
49018,Insidious,Brian Kavanaugh-Jones,0,0
9916,The Last Sin Eater,Brian Matthews,0,0
9390,Jerry Maguire,Bridget Johnson,0,0
7459,Speed Racer,Bruce Berman,29,2516517178
9932,Analyze That,Bruce Berman,13,867269119
11172,Music and Lyrics,Bruce Berman,23,1989770129
118,Charlie and the Chocolate Factory,Bruce Berman,20,1305635647
9535,Analyze This,Bruce Berman,1,-28316623
10201,Yes Man,Bruce Berman,31,2641148397
10040,Miss Congeniality 2: Armed and Fabulous,Bruce Berman,18,1235487130
13223,Gran Torino,Bruce Berman,31,2641148397
10563,Three to Tango,Bruce Berman,4,115217263
6415,Three Kings,Bruce Berman,3,82217263
65759,Happy Feet Two,Bruce Berman,34,3468126282
2044,The Lake House,Bruce Berman,21,1630604410
2034,Training Day,Bruce Berman,9,397846742
161,Ocean's Eleven,Bruce Berman,10,457722975
163,Ocean's Twelve,Bruce Berman,17,982742850
6479,I Am Legend,Bruce Berman,28,2081168168
10528,Sherlock Holmes,Bruce Berman,33,3034097603
77877,The Lucky One,Bruce Berman,36,3698147748
10718,Torque,Bruce Berman,15,994094274
10877,Exit Wounds,Bruce Berman,6,272787638
2959,License to Wed,Bruce Berman,25,2047188380
58574,Sherlock Holmes: A Game of Shadows,Bruce Berman,35,3488532748
9645,Ghost Ship,Bruce Berman,12,833919235
8914,Deep Blue Sea,Bruce Berman,2,68569035
9705,Swordfish,Bruce Berman,7,302746237
4858,The Invasion,Bruce Berman,27,2146096654
1950,Lucky You,Bruce Berman,24,2095666551
9836,Happy Feet,Bruce Berman,22,1705434521
3638,No Reservations,Bruce Berman,26,2081495604
76757,Jupiter Ascending,Bruce Berman,40,4400333891
6435,Practical Magic,Bruce Berman,0,0
10066,House of Wax,Bruce Berman,19,1276869526
11665,Get Smart,Bruce Berman,30,2490462944
216282,Into the Storm,Bruce Berman,37,3772504886
11979,Queen of the Damned,Bruce Berman,11,823440125
12103,Don't Say a Word,Bruce Berman,8,347826650
205587,The Judge,Bruce Berman,38,3883107080
254128,San Andreas,Bruce Berman,41,4408321611
190859,American Sniper,Bruce Berman,39,3916826468
1493,Miss Congeniality,Bruce Berman,5,105787638
257445,Goosebumps,Bruce Berman,42,4768812443
314,Catwoman,Bruce Berman,16,1000640471
322,Mystic River,Bruce Berman,14,862272254
321741,Concussion,Bruce Berman,43,4868975231
10391,Bless the Child,Bruce Davey,0,0
58,Pirates of the Caribbean: Dead Man's Chest,Bruce Hendricks,2,824232169
22,Pirates of the Caribbean: The Curse of the Black Pearl,Bruce Hendricks,1,309220945
676,Pearl Harbor,Bruce Hendricks,0,0
9737,Bad Boys,Bruce S. Pustin,0,0
8649,Bringing Out the Dead,Bruce S. Pustin,1,122407024
119283,Parker,Bruce Toll,0,0
17043,The Crocodile Hunter: Collision Course,Bruce Willis,0,0
325789,The Infiltrator,Bryan Cranston,0,0
10017,The Wraith,Buck Houghton,0,0
2008,The Promise,Buting Yang,0,0
1572,Die Hard: With a Vengeance,Buzz Feitshans,1,31505065
11969,Tombstone,Buzz Feitshans,0,0
137,Groundhog Day,C.O. Erickson,1,22592880
9989,Antitrust,C.O. Erickson,3,112427726
12100,Windtalkers,C.O. Erickson,4,100623336
9437,Kiss the Girls,C.O. Erickson,2,78899853
13342,Fast Times at Ridgemont High,C.O. Erickson,0,0
2293,Mallrats,Caldecot Chubb,0,0
10719,Elf,Cale Boyter,0,0
59,A History of Violence,Cale Boyter,2,224459376
1954,The Butterfly Effect,Cale Boyter,1,141398518
228165,The SpongeBob Movie: Sponge Out of Water,Cale Boyter,4,254348531
13150,Pride and Glory,Cale Boyter,3,253200203
57158,The Hobbit: The Desolation of Smaug,Callum Greene,2,338764397
7461,Vantage Point,Callum Greene,0,0
68726,Pacific Rim,Callum Greene,1,111161491
37724,Skyfall,Callum McDougall,0,0
206647,Spectre,Callum McDougall,1,908561013
320146,Creative Control,Cameron Brodie,0,0
288,High Noon,Carl Foreman,0,0
72197,The Pirates! In an Adventure with Scientists!,Carla Shelley,0,0
8329,[REC],Carlos Fernández,1,3203235
4553,The Machinist,Carlos Fernández,0,0
122917,The Hobbit: The Battle of the Five Armies,Carolyn Blackwood,0,0
1970,The Grudge,Carsten H.W. Lorenz,0,0
10071,The Brothers Solomon,Caryn Mandabach,0,0
10735,What a Girl Wants,Casey La Scala,0,0
152747,All Is Lost,Cassian Elwes,0,0
49730,Red Riding Hood,Catherine Hardwicke,0,0
180383,Deceptive Practice: The Mysteries and Mentors of Ricky Jay,Cathy Greenwold,0,0
533,The Curse of the Were-Rabbit,Cecil Kramer,0,0
14359,Doubt,Celia D. Costas,1,44000410
6538,Charlie Wilson's War,Celia D. Costas,0,0
257211,The Intern,Celia D. Costas,2,74907644
9679,Gone in Sixty Seconds,Chad Oman,2,309662070
3132,Bad Company,Chad Oman,3,456864369
1701,Con Air,Chad Oman,0,0
9798,Enemy of the State,Chad Oman,1,149012234
790,The Fog,Charles B. Bloch,0,0
48309,Prison,Charles Band,0,0
10105,Saints and Soldiers,Charles Chan,0,0
9576,Tootsie,Charles Evans,0,0
562,Die Hard,Charles Gordon,0,0
11302,Bananas,Charles H. Joffe,0,0
11561,Sleeper,Charles H. Joffe,1,9833696
11451,Herbie Fully Loaded,Charles Hirschhorn,0,0
3089,Red River,Charles K. Feldman,0,0
616,The Last Samurai,Charles Mulvehill,0,0
7303,Maid in Manhattan,Charles Newirth,0,0
11509,Silverado,Charles Okun,1,-40515669
12160,Wyatt Earp,Charles Okun,2,-33315669
10935,Heaven's Gate,Charles Okun,0,0
10136,The Golden Child,Charles R. Meeker,0,0
9981,Kicking & Screaming,Charles Roven,0,0
10183,Frozen River,Charles S. Cohen,0,0
22102,Troop Beverly Hills,Charles W. Fries,0,0
38,Eternal Sunshine of the Spotless Mind,Charlie Kaufman,2,23664769
2757,Adaptation.,Charlie Kaufman,1,9863596
492,Being John Malkovich,Charlie Kaufman,0,0
228970,Wild,Cheryl Strayed,0,0
285783,The Walk,Cherylanne Martin,0,0
18785,The Hangover,Chris Bender,0,0
323675,Ride Along 2,Chris Bender,2,553268438
168530,Ride Along,Chris Bender,1,424270619
314385,By the Sea,Chris Brigham,1,665532764
27205,Inception,Chris Brigham,0,0
373314,Misconduct,Chris Brown,0,0
310131,The Witch,Chris Columbus,1,776688482
672,Harry Potter and the Chamber of Secrets,Chris Columbus,0,0
84174,Bachelorette,Chris Henchy,0,0
62213,Dark Shadows,Chris Lebenzon,1,825491110
12155,Alice in Wonderland,Chris Lebenzon,0,0
1452,Superman Returns,Chris Lee,0,0
292483,Not Cool,Chris Moore,0,0
168259,Furious 7,Chris Morgan,0,0
211672,Minions,Chris Renaud,0,0
82702,How to Train Your Dragon 2,Chris Sanders,0,0
9416,Money Talks,Chris Tucker,0,0
172385,Rio 2,Chris Wedge,1,782244782
57800,Ice Age: Continental Drift,Chris Wedge,0,0
2770,American Pie 2,Chris Weitz,0,0
8273,American Wedding,Chris Weitz,1,257553595
9310,American Dreamz,Chris Weitz,2,434002798
209263,Enough Said,Chrisann Verges,0,0
10029,Very Bad Things,Christian Slater,0,0
22051,Adam,Christina Weiss Lurie,0,0
14574,The Boy in the Striped Pyjamas,Christine Langan,0,0
46138,Made in Dagenham,Christine Langan,2,5716437
21641,The Damned United,Christine Langan,1,7916563
613,Downfall,Christine Rothe,0,0
82990,Paranormal Activity 4,Christopher B. Landon,0,0
1124,The Prestige,Christopher Ball,0,0
8617,Prom Night,Christopher Ball,1,69676311
49047,Gravity,Christopher DeFaria,0,0
10167,Half Past Dead,Christopher Eberts,0,0
425,Ice Age,Christopher Meledandri,0,0
9928,Robots,Christopher Meledandri,1,324257136
209112,Batman v Superman: Dawn of Justice,Christopher Nolan,1,3039258
157353,Transcendence,Christopher Nolan,0,0
9268,Eraser,Chuck Russell,0,0
10333,The Prince of Tides,Cis Corman,0,0
2749,15 Minutes,Claire Rudnick Polstein,0,0
25975,My Date with Drew,Clark Peterson,0,0
311,Once Upon a Time in America,Claudio Mancini,0,0
10833,Heartbreakers,Clayton Townsend,0,0
9913,The Skeleton Key,Clayton Townsend,1,19753825
9615,The Fast and the Furious: Tokyo Drift,Clayton Townsend,2,68728643
13510,Eden Lake,Conor McCaughan,0,0
11932,Bride of Chucky,Corey Sienega,0,0
4105,Black Rain,Craig Bolotin,0,0
101267,Katy Perry: Part of Me,Craig Brewer,0,0
175291,Cheap Thrills,Curtis Raines,0,0
13497,Drumline,Dallas Austin,0,0
43074,Ghostbusters,Dan Aykroyd,0,0
9481,The Bone Collector,Dan Jinks,0,0
109431,Identity Thief,Dan Kolsrud,3,156744979
10708,Daddy Day Care,Dan Kolsrud,1,-12069815
12771,Serving Sara,Dan Kolsrud,0,0
15373,Role Models,Dan Kolsrud,2,92364052
496,Borat: Cultural Learnings of America for Make Benefit Glorious Nation of Kazakhstan,Dan Mazer,0,0
1440,Little Children,Dana Belcastro,0,0
2976,Hairspray,Dana Belcastro,1,-11178342
54138,Star Trek Into Darkness,Dana Goldberg,1,549713380
177677,Mission: Impossible - Rogue Nation,Dana Goldberg,3,817627733
188927,Star Trek Beyond,Dana Goldberg,4,1349957872
56292,Mission: Impossible - Ghost Protocol,Dana Goldberg,0,0
137094,Jack Ryan: Shadow Recruit,Dana Goldberg,2,827078626
79694,The Apparition,Daniel Alter,0,0
296098,Bridge of Spies,Daniel Lupi,5,331258942
72976,Lincoln,Daniel Lupi,3,96614241
152601,Her,Daniel Lupi,4,306907691
1824,50 First Dates,Daniel Lupi,0,0
10060,Get Rich or Die Tryin',Daniel Lupi,1,121482882
18162,Land of the Lost,Daniel Lupi,2,127925410
287903,Krampus,Daniel M. Stillman,0,0
11531,Book of Shadows: Blair Witch 2,Daniel Myrick,0,0
10758,Waitress,Danielle Renfrew,0,0
1562,28 Weeks Later,Danny Boyle,0,0
680,Pulp Fiction,Danny DeVito,0,0
401,Garden State,Danny DeVito,1,205928762
41283,Faster,Dara Weintraub,0,0
11165,Tora! Tora! Tora!,Darryl F. Zanuck,0,0
10092,Cry_Wolf,Dave Bartis,0,0
75612,Oblivion,Dave Morrison,0,0
1402,The Pursuit of Happyness,David Alper,0,0
10773,Mrs Henderson Presents,David Aukin,0,0
9007,Just Like Heaven,David B. Householter,0,0
674,Harry Potter and the Goblet of Fire,David Barron,0,0
12183,The Wendell Baker Story,David Bergstein,0,0
403,Driving Miss Daisy,David Brown,0,0
9664,Flyboys,David Brown,1,138293296
59861,Larry Crowne,David Coatsworth,2,35737648
9895,Man of the Year,David Coatsworth,1,14500000
16406,Dick,David Coatsworth,0,0
5723,Once,David Collins,0,0
284536,The Gambler,David Crockett,1,117026136
23168,The Town,David Crockett,0,0
49524,R.I.P.D.,David Dobkin,0,0
17130,Crossroads,David Gale,1,38294169
21525,Tupac: Resurrection,David Gale,2,87435199
14709,Varsity Blues,David Gale,0,0
7515,London,David Hillary,0,0
2026,Hostage,David J. Wally,0,0
9034,The Banger Sisters,David L. Bushell,0,0
2118,L.A. Confidential,David L. Wolper,0,0
45958,Biutiful,David Linde,0,0
10199,The Tale of Despereaux,David Lipman,0,0
13279,Lakeview Terrace,David Loughery,0,0
3472,Dirty Pretty Things,David M. Thompson,0,0
8618,The History Boys,David M. Thompson,1,4156753
2252,Eastern Promises,David M. Thompson,2,13558705
24469,Fish Tank,David M. Thompson,5,73601141
12783,The Duchess,David M. Thompson,4,55441031
29963,Bright Star,David M. Thompson,6,72958993
12184,The Other Boleyn Girl,David M. Thompson,3,17171061
9574,Flubber,David Nicksay,0,0
67675,Glee: The Concert Movie,David Nicksay,2,92524907
9631,The Negotiator,David Nicksay,1,97977226
8699,Anchorman: The Legend of Ron Burgundy,David O. Russell,0,0
328111,The Secret Life of Pets,David Rosenbaum,0,0
9685,Igby Goes Down,David Rubin,0,0
36586,Blade II,David S. Goyer,0,0
71676,Ghost Rider: Spirit of Vengeance,David S. Goyer,1,101010032
9003,Hellraiser,David Saunders,0,0
43949,Flipped,David Siegel,0,0
50646,"Crazy, Stupid, Love.",David Siegel,1,-12244788
9348,Species,David Streit,0,0
16320,Serenity,David V. Lester,2,233497878
9772,Air Force One,David V. Lester,1,3341469
278,The Shawshank Redemption,David V. Lester,0,0
704,A Hard Day's Night,David V. Picker,0,0
33,Unforgiven,David Valdes,0,0
46529,I Am Number Four,David Valdes,1,145157447
180296,They Came Together,David Wain,0,0
28089,The Messenger,David Whealy,0,0
227735,Dolphin Tale 2,David Yates,0,0
1781,An Inconvenient Truth,Davis Guggenheim,0,0
302579,Naturally Native,Dawn Jackson,0,0
87827,Life of Pi,Dean Georgaris,0,0
854,The Mask,Deborah Moore,0,0
9809,Let's Go to Prison,Debra Grieco,0,0
9027,The Guru,Debra Hayward,0,0
14623,Thunderbirds,Debra Hayward,1,13150550
22972,Green Zone,Debra Hayward,7,171709326
9829,United 93,Debra Hayward,5,82639036
9801,Bridget Jones: The Edge of Reason,Debra Hayward,3,-5053806
11823,Wimbledon,Debra Hayward,2,-15565813
16995,State of Play,Debra Hayward,6,143925132
11283,Nanny McPhee,Debra Hayward,4,-14850786
4597,Armored,Debra James,0,0
18254,Reds,Dede Allen,0,0
70074,Bullet to the Head,Deepak Nayar,0,0
249164,If I Stay,Denise Di Novi,0,0
924,Dawn of the Dead,Dennis E. Jones,0,0
11683,Land of the Dead,Dennis E. Jones,1,74356381
10483,Death Race,Dennis E. Jones,2,106126983
59961,Safe House,Denzel Washington,0,0
10727,Darkness Falls,Derek Dauchy,0,0
11637,Are We There Yet?,Derek Dauchy,1,40289758
11679,xXx: State of the Union,Derek Dauchy,2,106208421
4688,Across the Universe,Derek Dauchy,3,117282353
228066,Victor Frankenstein,Derek Dauchy,4,101649496
792,Platoon,Derek Gibson,3,79208200
10925,The Return of the Living Dead,Derek Gibson,1,71971200
6106,Salvador,Derek Gibson,2,82208200
218,The Terminator,Derek Gibson,0,0
19994,Jennifer's Body,Diablo Cody,0,0
10024,My Sister's Keeper,Diana Pokorny,0,0
274167,Daddy's Home,Diana Pokorny,1,65714875
39209,Shalako,Dimitri De Grunwald,0,0
766,Army of Darkness,Dino De Laurentiis,5,126419853
841,Dune,Dino De Laurentiis,4,135494163
9691,Assassins,Dino De Laurentiis,6,136922829
2669,The Bounty,Dino De Laurentiis,2,69880701
9387,Conan the Barbarian,Dino De Laurentiis,0,0
11336,The Dead Zone,Dino De Laurentiis,1,59114085
9610,Conan the Destroyer,Dino De Laurentiis,3,53494163
10533,The Scarlet Letter,Dodi Fayed,0,0
21208,Orphan,Don Carmody,4,58005969
5955,The Pledge,Don Carmody,0,0
22787,Whiteout,Don Carmody,5,79602220
8978,Assault on Precinct 13,Don Carmody,3,52711499
12138,3000 Miles to Graceland,Don Carmody,1,-5600000
4970,Gothika,Don Carmody,2,-48879825
11688,The Emperor's New Groove,Don Hahn,0,0
62214,Frankenweenie,Don Hahn,1,69327687
75986,Love Letters,Don Levin,0,0
2023,Hidalgo,Don Zepfel,0,0
9729,Where the Truth Lies,Donald A. Starr,0,0
41216,Legend of the Guardians: The Owls of Ga'Hoole,Donald De Line,0,0
20526,TRON: Legacy,Donald Kushner,0,0
8967,The Tree of Life,Donald Rosenfeld,1,-11526000
87729,Jefferson in Paris,Donald Rosenfeld,0,0
670,Oldboy,Dong-ju Kim,0,0
11446,Welcome to the Dollhouse,Donna L. Bascom,0,0
8843,The Cell,Donna Langley,0,0
33196,Tidal Wave,Doojin Kim,0,0
9701,North Country,Doug Claybourne,1,169283925
15907,Duma,Doug Claybourne,2,159508167
9799,The Fast and the Furious,Doug Claybourne,0,0
1422,The Departed,Doug Davison,0,0
2503,The Bourne Ultimatum,Doug Liman,1,213500217
2502,The Bourne Supremacy,Doug Liman,0,0
7453,The Hitchhiker's Guide to the Galaxy,Douglas Adams,0,0
300673,The Finest Hours,Douglas C. Merrifield,0,0
332567,The Shallows,Douglas C. Merrifield,1,-27900910
73247,Heartbeeps,Douglas Green,0,0
10140,The Chronicles of Narnia: The Voyage of the Dawn Treader,Douglas Gresham,0,0
109421,Side Effects,Douglas Hansen,0,0
671,Harry Potter and the Philosopher's Stone,Duncan Henderson,1,139859560
6950,Outbreak,Duncan Henderson,0,0
205,Hotel Rwanda,Duncan Reid,0,0
121826,Quartet,Dustin Hoffman,0,0
10476,Hustle & Flow,Dwight Williams,0,0
1957,Enough,E. Bennett Walsh,0,0
203,Mean Streets,E. Lee Perry,0,0
862,Toy Story,Ed Catmull,0,0
10985,The New Guy,Ed Decter,0,0
12107,Nutty Professor II: The Klumps,Eddie Murphy,0,0
256962,Little Boy,Eduardo Verástegui,0,0
10229,A Walk to Remember,Edward McDonnell,0,0
5125,Rendition,Edward Milstein,0,0
10744,The Cooler,Edward R. Pressman,1,71000000
9388,Thank You for Smoking,Edward R. Pressman,3,69142509
15394,Owning Mahowny,Edward R. Pressman,2,78131455
387,Das Boot,Edward R. Pressman,0,0
1417,Pan's Labyrinth,Elena Manrique,0,0
111794,20 Dates,Elie Samaha,0,0
9952,Rescue Dawn,Elie Samaha,2,65608571
2069,The Whole Nine Yards,Elie Samaha,1,536920
598,City of God,Elisa Tolomelli,1,2696708
666,Central Station,Elisa Tolomelli,0,0
11130,The Princess Diaries 2: Royal Engagement,Ellen H. Schwartz,0,0
4551,Be Cool,Elmore Leonard,0,0
35019,Nanny McPhee and the Big Bang,Emma Thompson,0,0
9992,Arthur and the Invisibles,Emmanuel Prévost,0,0
615,The Passion of the Christ,Enzo Sisti,0,0
27579,The American,Enzo Sisti,1,581899420
8265,Welcome to the Sticks,Eric Hubert,0,0
98566,Teenage Mutant Ninja Turtles,Eric J. Crown,0,0
10894,May,Eric Koskin,0,0
201088,Blackhat,Eric McLeod,3,77624269
10588,The Cat in the Hat,Eric McLeod,1,-7997690
6519,The Dukes of Hazzard,Eric McLeod,2,16820593
9683,Bubble Boy,Eric McLeod,0,0
6520,First Knight,Eric Rattray,0,0
88794,J. Edgar,Erica Huggins,0,0
787,Mr. & Mrs. Smith,Erik Feig,0,0
6973,In the Valley of Elah,Erik Feig,1,368207520
22881,The Blind Side,Erwin Stoff,1,95944660
1813,The Devil's Advocate,Erwin Stoff,0,0
14139,Timecrimes,Esteban Ibarretxe,0,0
83,Open Water,Estelle Lau,0,0
10147,Bad Santa,Ethan Coen,0,0
41513,The Smurfs,Ezra Swerdlow,3,398800823
4523,Enchanted,Ezra Swerdlow,2,143313171
1586,Secret Window,Ezra Swerdlow,1,90400000
2925,The First Wives Club,Ezra Swerdlow,0,0
9526,A Prairie Home Companion,Fisher Stevens,1,25911240
20616,Swimfan,Fisher Stevens,0,0
59860,Monte Carlo,Forest Whitaker,0,0
11351,Jeepers Creepers 2,Francis Ford Coppola,2,84317432
8922,Jeepers Creepers,Francis Ford Coppola,1,35099643
17264,The Black Stallion,Francis Ford Coppola,0,0
11184,Kinsey,Francis Ford Coppola,3,130420098
1887,Marie Antoinette,Francis Ford Coppola,4,132421057
83770,On the Road,Francis Ford Coppola,6,162918518
39210,Somewhere,Francis Ford Coppola,5,152895397
57612,Dolphins and Whales: Tribes of the Ocean,Francois Mantello,0,0
1538,Collateral,Frank Darabont,0,0
9792,The Hills Have Eyes,Frank Hildebrand,0,0
9544,FearDotCom,Frank Hübner,1,-12946185
11370,The Musketeer,Frank Hübner,0,0
9731,Friday the 13th: A New Beginning,Frank Mancuso Jr.,0,0
16232,Mr. 3000,Frank Marshall,2,256056325
2501,The Bourne Identity,Frank Marshall,1,102022101
10329,Congo,Frank Marshall,0,0
1271,300,Frank Miller,0,0
10437,The Muppet Christmas Carol,Frank Oz,0,0
47890,Sphinx,Franklin J. Schaffner,0,0
15049,Bon Cop Bad Cop,François Flamand,0,0
23759,Centurion,François Ivernel,0,0
68727,Trance,François Ivernel,2,96771488
71688,The Iron Lady,François Ivernel,1,-5185211
11644,Blow Out,Fred C. Caruso,0,0
78381,Twixt,Fred Roos,1,115723856
153,Lost in Translation,Fred Roos,0,0
13778,Dickie Roberts: Former Child Star,Fred Wolf,0,0
56601,The Perfect Game,Frederico Lapenda,0,0
10724,Firefox,Fritz Manes,0,0
8879,Pale Rider,Fritz Manes,1,52687344
1051,The French Connection,G. David Schine,0,0
9489,You've Got Mail,G. Mac Brown,0,0
40160,Meteor,Gabriel Katzka,0,0
296,Terminator 3: Rise of the Machines,Gale Anne Hurd,2,457572000
9362,Tremors,Gale Anne Hurd,0,0
280,Terminator 2: Judgment Day,Gale Anne Hurd,1,37572000
103731,Mud,Gareth Smith,0,0
22949,Old Dogs,Garrett Grant,0,0
365052,The Looking Glass,Garth H. Drabinsky,0,0
9273,Ace Ventura: When Nature Calls,Gary Barber,0,0
274,The Silence of the Lambs,Gary Goetzman,0,0
13155,Return to Oz,Gary Kurtz,0,0
9903,The Hoax,Gary Levinsohn,4,-20229077
9562,Timeline,Gary Levinsohn,3,40290184
4824,The Jackal,Gary Levinsohn,1,-26043392
75531,Isn't She Great,Gary Levinsohn,2,73286888
11015,The Relic,Gary Levinsohn,0,0
70,Million Dollar Baby,Gary Lucchesi,0,0
22894,Legion,Gary Michael Walters,0,0
10306,Poltergeist III,Gary Sherman,0,0
1366,Rocky,Gene Kirkwood,0,0
297761,Suicide Squad,Geoff Johns,0,0
45269,The King's Speech,Geoffrey Rush,0,0
29427,The Crazies,George A. Romero,0,0
4566,Michael Clayton,George Clooney,3,104321114
320,Insomnia,George Clooney,0,0
9260,Welcome to Collinwood,George Clooney,0,0
231,Syriana,George Clooney,2,60321114
22913,24 7: Twenty Four Seven,George Faber,0,0
1621,Trading Places,George Folsey Jr.,0,0
107846,Escape Plan,George Furla,1,-14646768
94348,Alex Cross,George Furla,0,0
34016,She's Out of My League,George Gatins,0,0
36819,Time Bandits,George Harrison,0,0
12144,The Land Before Time,George Lucas,6,2503036752
1891,The Empire Strikes Back,George Lucas,1,764398007
85,Raiders of the Lost Ark,George Lucas,2,1284798007
217,Indiana Jones and the Kingdom of the Crystal Skull,George Lucas,10,4547686962
1893,Star Wars: Episode I - The Phantom Menace,George Lucas,8,3001369404
89,Indiana Jones and the Last Crusade,George Lucas,7,2575197598
1892,Return of the Jedi,George Lucas,3,1656723978
10658,Howard the Duck,George Lucas,5,2502073978
11,Star Wars,George Lucas,0,0
87,Indiana Jones and the Temple of Doom,George Lucas,4,2197073978
1895,Star Wars: Episode III - Revenge of the Sith,George Lucas,9,3810686962
168672,American Hustle,George Parra,1,5654912
274479,Joy,George Parra,2,216826719
129670,Nebraska,George Parra,0,0
8741,The Thin Red Line,George Stevens Jr.,0,0
87421,Riddick,George Zakk,0,0
4133,Blow,Georgia Kacandes,0,0
52449,Bad Teacher,Georgia Kacandes,1,30282296
82684,Chasing Mavericks,Georgia Kacandes,3,242249948
44826,Hugo,Georgia Kacandes,2,226479788
106646,The Wolf of Wall Street,Georgia Kacandes,4,230550769
17170,"Bright Lights, Big City",Gerald R. Molen,0,0
45610,Machine Gun Preacher,Gerard Butler,0,0
25376,The Secret in Their Eyes,Gerardo Herrero,0,0
5172,The Astronaut Farmer,Geyer Kosinski,0,0
807,Se7en,Gianni Nunnari,0,0
147773,The Way Way Back,Gigi Pritzker,0,0
2486,Eragon,Gil Netter,0,0
43935,Dylan Dog: Dead of Night,Gilbert Adler,0,0
38321,Priest,Glenn S. Gainor,1,400154
222899,About Last Night,Glenn S. Gainor,2,18709285
11453,Deuce Bigalow: European Gigolo,Glenn S. Gainor,0,0
58595,Snow White and the Huntsman,Gloria S. Borders,0,0
10765,Private Benjamin,Goldie Hawn,0,0
13785,Best in Show,Gordon Mark,0,0
11817,Bulletproof Monk,Gotham Chopra,0,0
12088,Fortress,Graham Burke,0,0
28029,A Walk on the Moon,Graham Burke,1,-1260859
68734,Argo,Graham King,0,0
72190,World War Z,Graham King,1,187824128
205596,The Imitation Game,Graham Moore,0,0
2907,The Addams Family,Graham Place,0,0
11959,UHF,Gray Frederickson,0,0
97630,Zero Dark Thirty,Greg Shapiro,0,0
140300,Kung Fu Panda 3,Guillermo del Toro,2,206747964
132232,Mama,Guillermo del Toro,1,75250193
6537,The Orphanage,Guillermo del Toro,0,0
133694,Promised Land,Gus Van Sant,2,4929343
9344,Kids,Gus Van Sant,0,0
46727,Speedway Junky,Gus Van Sant,1,5912216
11615,The Life of David Gale,Guy East,1,-5762530
4911,Dark Blue,Guy East,0,0
16617,Mindhunters,Guy East,2,-16806932
65086,The Woman in Black,Guy East,3,-22658103
11249,Seed of Chucky,Guy J. Louthan,0,0
11026,Exorcist: The Beginning,Guy McElwaine,0,0
10760,Sydney White,Guy McElwaine,1,-1999414
7191,Cloverfield,Guy Riedel,2,6756936
10691,Crazy/Beautiful,Guy Riedel,1,2827813
1542,Office Space,Guy Riedel,0,0
25763,Damnation Alley,Hal Landers,0,0
13805,Disaster Movie,Hal Olofsson,0,0
1024,Heavenly Creatures,Hanno Huth,0,0
11282,Harold & Kumar Go to White Castle,Hanno Huth,1,-1950865
250546,Annabelle,Hans Ritter,0,0
1878,Fear and Loathing in Las Vegas,Harold Bronson,0,0
8665,K-19: The Widowmaker,Harrison Ford,0,0
3078,It Happened One Night,Harry Cohn,0,0
2163,Breakdown,Harry Colomby,0,0
11051,The Last Temptation of Christ,Harry J. Ufland,0,0
15268,Street Fighter: The Legend of Chun-Li,Haruhiro Tsujimoto,0,0
526,Ladyhawke,Harvey Bernhard,0,0
11918,Superhero Movie,Harvey Weinstein,0,0
45612,Source Code,Hawk Koch,2,95745323
8872,Wayne's World,Hawk Koch,0,0
9271,Virtuosity,Hawk Koch,1,101697323
634,Bridget Jones's Diary,Helen Fielding,0,0
120467,The Grand Budapest Hotel,Henning Molfenter,0,0
30315,Kingdom of the Spiders,Henry Fownes,0,0
324668,Jason Bourne,Henry Morrison,0,0
205220,Philomena,Henry Normal,0,0
11208,Wicker Park,Henry Winterstern,0,0
44912,Green Lantern,Herb Gains,0,0
1646,Freedom Writers,Hilary Swank,0,0
8204,The Spiderwick Chronicles,Holly Black,0,0
79777,In the Land of Blood and Honey,Holly Goline,0,0
11023,Thirteen,Holly Hunter,0,0
152532,Dallas Buyers Club,Holly Wiersma,0,0
253450,The Assassin,Hou Hsiao-hsien,0,0
10822,Savage Grace,Howard A. Rodman,0,0
11507,Body Double,Howard Gottfried,0,0
848,Dragonslayer,Howard W. Koch,0,0
48034,Little White Lies,Hugo Sélignac,0,0
25132,Shorts,Hunt Lowry,0,0
5708,Control,Iain Canning,0,0
76341,Mad Max: Fury Road,Iain Smith,1,146404396
1844,Entrapment,Iain Smith,0,0
10428,Hackers,Iain Softley,0,0
10471,Next Friday,Ice Cube,0,0
136835,No Good Deed,Idris Elba,0,0
14976,Rachel Getting Married,Ilona Herzberg,2,151345980
9804,Waterworld,Ilona Herzberg,0,0
9619,Dante's Peak,Ilona Herzberg,1,89218220
22897,It's Complicated,Ilona Herzberg,3,156821455
9531,Superman III,Ilya Salkind,2,381676724
8536,Superman II,Ilya Salkind,1,245218018
1924,Superman,Ilya Salkind,0,0
948,Halloween,Irwin Yablans,0,0
8271,Disturbia,Ivan Reitman,3,162606474
11635,Old School,Ivan Reitman,1,103754278
9285,Road Trip,Ivan Reitman,0,0
9352,EuroTrip,Ivan Reitman,2,166809627
16538,"I Love You, Man",Ivan Reitman,4,260366608
133805,Carrie,J. Miles Dale,1,-1468000
23963,Pontypool,J. Miles Dale,0,0
42033,Def-Con 4,J. William Ritchie,0,0
10569,Small Time Crooks,J.E. Beaucaire,0,0
19904,The Stepfather,J.S. Cardone,0,0
11624,Everything You Always Wanted to Know About Sex *But Were Afraid to Ask,Jack Brodsky,0,0
2355,Reign Over Me,Jack Giarraputo,0,0
92591,Bernie,Jack Gilardi Jr.,0,0
345911,Lights Out,Jack L. Murray,0,0
289,Casablanca,Jack Warner,0,0
10204,Around the World in 80 Days,Jackie Chan,2,-16958718
10610,The Medallion,Jackie Chan,1,1932305
8584,Shanghai Noon,Jackie Chan,0,0
16642,Days of Heaven,Jacob Brackman,0,0
11237,Anacondas: The Hunt for the Blood Orchid,Jacobus Rose,0,0
12837,The Secret Life of Bees,Jada Pinkett Smith,0,0
581,Dances with Wolves,Jake Eberts,1,53472904
9443,Chariots of Fire,Jake Eberts,0,0
7443,Chicken Run,Jake Eberts,2,455681752
36970,Oceans,Jake Eberts,3,635516316
77016,End of Watch,Jake Gyllenhaal,0,0
157336,Interstellar,Jake Myers,1,4221189
49527,Man on a Ledge,Jake Myers,0,0
14324,Virgin Territory,James Clayton,0,0
9549,The Right Stuff,James D. Brubaker,0,0
70436,The Raven,James D. Stern,0,0
76726,Chronicle,James Dodson,1,-1297136
20483,Catch That Kid,James Dodson,0,0
8676,Fool's Gold,James Dyer,2,-32391021
19803,Underclassman,James Dyer,1,-13045798
41515,Yogi Bear,James Dyer,3,8840020
31306,Crazy in Alabama,James Dyer,0,0
9361,The Last of the Mohicans,James G. Robinson,1,31726644
11967,Young Guns,James G. Robinson,0,0
13685,Bottle Rocket,James L. Brooks,0,0
8090,Untraceable,James McQuaide,1,17597471
15092,Crank: High Voltage,James McQuaide,2,15080881
18501,Gamer,James McQuaide,3,29641458
9954,The Covenant,James McQuaide,0,0
9104,Buffalo Soldiers,James Schamus,0,0
879,Hook,James V. Hart,0,0
9509,Man on Fire,James W. Skotchdopole,0,0
215,Saw II,James Wan,0,0
41439,Saw: The Final Chapter,James Wan,2,278277726
663,Saw IV,James Wan,1,148925093
9975,Curious George,James Whitaker,2,342387299
9315,Flightplan,James Whitaker,1,174000000
65,8 Mile,James Whitaker,0,0
3580,Changeling,James Whitaker,3,362222114
149,Akira,James Yosuke Kobayashi	,0,0
694,The Shining,Jan Harlan,1,9000000
3175,Barry Lyndon,Jan Harlan,0,0
345,Eyes Wide Shut,Jan Harlan,2,34017374
10678,Bringing Down the House,Jane Bartelme,0,0
7552,Fun with Dick and Jane,Jane Bartelme,2,242638788
5966,Along Came Polly,Jane Bartelme,1,112675402
64807,Grudge Match,Jane Rosenthal,0,0
16096,House Party 2,Janet Grillo,0,0
1620,Hitman,Janos Flösser,0,0
277685,Unfriended,Jason Blum,1,1833445
171424,The Green Inferno,Jason Blum,0,0
82703,Mr. Peabody & Sherman,Jason Clark,1,36486080
22970,The Cabin in the Woods,Jason Clark,0,0
76163,The Expendables 2,Jason Constantine,1,194470394
27578,The Expendables,Jason Constantine,0,0
44770,The Exploding Girl,Jason Diamond,0,0
244786,Whiplash,Jason Reitman,1,-6540542
28211,Chloe,Jason Reitman,0,0
5038,Vicky Cristina Barcelona,Jaume Roures,0,0
72113,Carnage,Javier Méndez,1,121119219
59436,Midnight in Paris,Javier Méndez,0,0
109414,This Is the End,Jay Baruchel,0,0
84332,Safety Not Guaranteed,Jay Duplass,0,0
14736,Love & Basketball,Jay Stern,0,0
283445,Sinister 2,Jeanette Brill,0,0
13075,Sherrybaby,Jeb Brody,0,0
2977,Becoming Jane,Jeff Abberley,0,0
28178,Hachi: A Dog's Tale,Jeff Abberley,1,20811672
268920,Hot Pursuit,Jeff G. Waxman,2,249922539
37958,Immortals,Jeff G. Waxman,0,0
62764,Mirror Mirror,Jeff G. Waxman,1,151904017
33217,Diary of a Wimpy Kid,Jeff Kinney,0,0
203801,The Man from U.N.C.L.E.,Jeff Kleeman,0,0
24363,House of D,Jeff Skoll,0,0
8847,Standard Operating Procedure,Jeff Skoll,1,-1533894
14560,Paul Blart: Mall Cop,Jeff Sussman,0,0
10555,Shark Tale,Jeffrey Katzenberg,2,751271485
809,Shrek 2,Jeffrey Katzenberg,1,-18567273
10501,The Road to El Dorado,Jeffrey Katzenberg,0,0
44639,Inside Job,Jeffrey Lurie,0,0
12220,The Story of Us,Jeffrey Stott,0,0
301365,The Neon Demon,Jeffrey Stott,2,139272533
7350,The Bucket List,Jeffrey Stott,1,8900031
41210,The Switch,Jennifer Aniston,0,0
19840,"I Love You, Beth Cooper",Jennifer Blum,0,0
49040,The Bourne Legacy,Jennifer Fox,1,-7873775
9667,The Jacket,Jennifer Fox,0,0
12163,The Wrestler,Jennifer Roth,0,0
246403,Tusk,Jennifer Schwalbach Smith,0,0
987,The Front Page,Jennings Lang,1,10200000
11901,High Plains Drifter,Jennings Lang,0,0
10468,28 Days,Jenno Topping,0,0
248774,Obvious Child,Jenny Slate,0,0
9893,Sleepover,Jeremiah Samuels,0,0
9969,Deck the Halls,Jeremiah Samuels,1,-591817
43923,It's Kind of a Funny Story,Jeremy Kipp Walker,0,0
10050,Get Over It,Jeremy Kramer,0,0
9555,Rabbit-Proof Fence,Jeremy Thomas,0,0
6217,Cat People,Jerry Bruckheimer,0,0
9327,The Nutty Professor,Jerry Lewis,0,0
12120,My Stepmother is an Alien,Jerry Weintraub,0,0
813,Airplane!,Jerry Zucker,0,0
239566,Get on Up,Jez Butterworth,0,0
265208,Wild Card,Jib Polhemus,0,0
10625,Mean Girls,Jill Sobel Messick,0,0
8780,Baby Mama,Jill Sobel Messick,1,112042871
36593,The Naked Gun 33⅓: The Final Insult,Jim Abrahams,0,0
16148,Zero Effect,Jim Behnke,0,0
11468,Salton Sea,Jim Behnke,1,-3019662
109513,Hit & Run,Jim Casey,0,0
12227,White Fang,Jim Kouf,0,0
287424,Maggie,Jim Seibel,0,0
8834,Conspiracy Theory,Jim Van Wyck,0,0
2539,Spanglish,Joan Bradshaw,1,339632142
8358,Cast Away,Joan Bradshaw,0,0
55347,Beginners,Joan Scheckel,0,0
137113,Edge of Tomorrow,Joby Harold,0,0
198663,The Maze Runner,Joe Hartwick Jr.,0,0
1771,Captain America: The First Avenger,Joe Johnston,0,0
9372,Super Size Me,Joe Morley,0,0
3933,Corpse Bride,Joe Ranft,0,0
11820,Mona Lisa Smile,Joe Roth,1,15632458
9567,Tears of the Sun,Joe Roth,0,0
33676,Losin' It,Joel B. Michaels,0,0
30973,The Visual Bible: The Gospel of John,Joel B. Michaels,1,-5753859
9398,Zoolander,Joel Gallen,0,0
57214,Project X,Joel Silver,0,0
4349,The Kingdom,John Cameron,0,0
69,Walk the Line,John Carter Cash,0,0
227159,Horrible Bosses 2,John Cheng,0,0
13807,Exiled,John Chong,0,0
50359,Hop,John Cohen,0,0
42888,How Do You Know,John D. Schofield,2,-41143631
8814,Doom,John D. Schofield,0,0
13600,City of Ember,John D. Schofield,1,-4012679
14435,My Bloody Valentine,John Dunning,0,0
762,Monty Python and the Holy Grail,John Goldstone,0,0
20533,Jonah Hex,John Goldstone,1,4628948
9762,Step Up,John H. Starke,0,0
6023,P.S. I Love You,John H. Starke,1,102194847
10077,A Sound of Thunder,John Hardy,2,157537495
462,Erin Brockovich,John Hardy,0,0
8046,Gigli,John Hardy,1,204271286
89325,Darling Companion,John J. Kelly,0,0
103370,Madea's Witness Protection,John J. Kelly,1,-10799654
13053,Bolt,John Lasseter,4,1937799943
38757,Tangled,John Lasseter,6,2259825702
9806,The Incredibles,John Lasseter,1,846335536
109445,Frozen,John Lasseter,8,2897843527
12,Finding Nemo,John Lasseter,0,0
10681,WALL·E,John Lasseter,3,1596488083
82690,Wreck-It Ralph,John Lasseter,7,2591620638
4935,Howl's Moving Castle,John Lasseter,2,1385777628
10198,The Princess and the Frog,John Lasseter,5,2097779937
177572,Big Hero 6,John Lasseter,9,4022062536
57157,Young Adult,John Malkovich,0,0
11519,1941,John Milius,0,0
9012,Jackass: The Movie,John Miller,0,0
87428,That's My Boy,John Morris,0,0
2253,Valkyrie,John Ottman,0,0
12247,Shotgun Stories,John Portnoy,0,0
241554,Run All Night,John Powers Middleton,0,0
226,Boys Don't Cry,John Sloss,2,21169963
26748,Lone Star,John Sloss,0,0
39141,Tadpole,John Sloss,5,45112451
80,Before Sunset,John Sloss,6,47853739
10972,Session 9,John Sloss,3,30710570
132344,Before Midnight,John Sloss,8,60106272
10712,Far from Heaven,John Sloss,4,29584537
3509,A Scanner Darkly,John Sloss,7,61146354
55306,Ulee's Gold,John Sloss,1,8269963
126509,2016: Obama's America,John Sullivan,0,0
2619,Splash,John Thomas Lenox,0,0
27551,The Barbarians,John Thompson,0,0
334527,Criminal Activities,John Travolta,0,0
9672,Infamous,John Wells,0,0
11702,The Replacement Killers,John Woo,0,0
9448,The Big Hit,John Woo,1,-10795071
33511,Nowhere Boy,Jon Diamond,0,0
109410,42,Jon Jashni,0,0
388,Inside Man,Jon Kilik,0,0
85446,Step Up Revolution,Jon M. Chu,0,0
72105,Ted,Jon Mone,0,0
11977,Caddyshack,Jon Peters,0,0
223702,Sausage Party,Jonah Hill,1,159585328
64688,21 Jump Street,Jonah Hill,0,0
2275,The General's Daughter,Jonathan D. Krane,1,120036382
9294,Phenomenon,Jonathan D. Krane,0,0
6278,Reign of Fire,Jonathan Glickman,0,0
38050,The Adjustment Bureau,Jonathan Gordon,0,0
314365,Spotlight,Jonathan King,0,0
8960,Hancock,Jonathan Mostow,1,59423648
2649,The Game,Jonathan Mostow,0,0
13198,Wristcutters: A Love Story,Jonathan Schwartz,0,0
480,Monsoon Wedding,Jonathan Sehring,1,1250934
1382,Me and You and Everyone We Know,Jonathan Sehring,2,27076534
62677,Songcatcher,Jonathan Sehring,0,0
577,To Die For,Jonathan T. Taplin,0,0
11452,National Lampoon’s Van Wilder,Jonathon Komack Martin,0,0
250124,The Diary of a Teenage Girl,Jorma Taccone,0,0
11024,Scooby-Doo 2: Monsters Unleashed,Joseph Barbera,1,-23531725
889,The Flintstones in Viva Rock Vegas,Joseph Barbera,0,0
109428,Evil Dead,Joseph Drake,5,383155836
16871,Drag Me to Hell,Joseph Drake,4,322344944
131634,The Hunger Games: Mockingjay - Part 2,Joseph Drake,7,713856188
12182,Nick and Norah's Infinite Playlist,Joseph Drake,3,298371007
8968,Boogeyman,Joseph Drake,1,27266564
1359,American Psycho,Joseph Drake,0,0
7326,Juno,Joseph Drake,2,74459423
195589,Neighbors,Joseph Drake,6,463698788
9879,Striptease,Joseph Hartwick,0,0
7942,"Run, Fatboy, Run",Joseph Infantolino,0,0
10410,Hoffa,Joseph Isgro,0,0
8224,8MM,Joseph M. Caracciolo,0,0
11638,Guess Who,Joseph M. Caracciolo,1,56618699
11096,Hide and Seek,Joseph M. Caracciolo Jr.,5,996210494
9504,Glengarry Glen Ross,Joseph M. Caracciolo Jr.,1,41511485
558,Spider-Man 2,Joseph M. Caracciolo Jr.,4,412444153
559,Spider-Man 3,Joseph M. Caracciolo Jr.,7,1104015219
76170,The Wolverine,Joseph M. Caracciolo Jr.,10,1969150725
9029,What Happens in Vegas,Joseph M. Caracciolo Jr.,8,1736886845
35056,Date Night,Joseph M. Caracciolo Jr.,9,1871886845
10025,Just My Luck,Joseph M. Caracciolo Jr.,6,1093855314
9032,Big Daddy,Joseph M. Caracciolo Jr.,2,39736713
4327,Charlie's Angels,Joseph M. Caracciolo Jr.,3,240338608
4032,My Girl,Joseph M. Caracciolo Jr.,0,0
10676,Halloween III: Season of the Witch,Joseph Wolf,0,0
181533,Night at the Museum: Secret of the Tomb,Josh McLaglen,0,0
293646,The 33,José Luis Escolar,0,0
43434,Carlos,Judy Tossell,0,0
15013,Wah-Wah,Julia Blackman,0,0
9441,Stepmom,Julia Roberts,0,0
8359,Kit Kittredge: An American Girl,Julia Roberts,1,109745279
59967,Looper,Julie Goldstein,0,0
6687,Transsiberian,Julio Fernández,0,0
37842,Wild Grass,Julio Salvador,0,0
7446,Tropic Thunder,Justin Theroux,0,0
453,A Beautiful Mind,Karen Kehela Sherwood,0,0
11499,Frost/Nixon,Karen Kehela Sherwood,1,253542341
59108,Tower Heist,Karen Kehela Sherwood,2,252995286
350,The Devil Wears Prada,Karen Rosenfelt,0,0
4958,The Legend of Bagger Vance,Karen Tenkhoff,0,0
34069,Cargo,Karin G. Dietrich,0,0
330,The Lost World: Jurassic Park,Kathleen Kennedy,0,0
267935,The BFG,Kathleen Kennedy,2,492322441
2675,Signs,Kathleen Kennedy,1,156074524
9290,Crocodile Dundee in Los Angeles,Kathy Morgan,0,0
12589,Jimmy Neutron: Boy Genius,Keith Alcorn,0,0
865,The Running Man,Keith Barish,1,-10264078
10068,Nine 1/2 Weeks,Keith Barish,0,0
5503,The Fugitive,Keith Barish,2,858027
11543,Kingpin,Keith Samples,0,0
34314,Turbulence,Keith Samples,1,-1976566
7737,Resident Evil: Extinction,Kelly Van Horn,0,0
17578,The Adventures of Tintin,Ken Kamins,0,0
16577,Astro Boy,Ken Tsumura,0,0
24961,The Wiz,Kenneth Harper,0,0
2300,Space Jam,Kenneth Ross,0,0
617,Wild Things,Kevin Bacon,0,0
13056,Punisher: War Zone,Kevin Feige,0,0
100241,"I, Frankenstein",Kevin Grevioux,0,0
55787,Water for Elephants,Kevin Halloran,0,0
181330,Kevin Hart: Let Me Explain,Kevin Hart,0,0
257091,Get Hard,Kevin J. Messick,0,0
36670,Never Say Never Again,Kevin McClory,0,0
9516,Menace II Society,Kevin Moreton,0,0
72387,Safe,Kevin Spacey,1,184920315
37799,The Social Network,Kevin Spacey,0,0
109424,Captain Phillips,Kevin Spacey,2,195266501
11598,The Kentucky Fried Movie,Kim Jorgensen,0,0
12277,Undercover Brother,Kim Roth,0,0
44564,The Dilemma,Kim Roth,2,15258094
12228,Inside Deep Throat,Kim Roth,1,16604473
9779,The Sisterhood of the Traveling Pants,Kira Davis,0,0
50839,Margin Call,Kirk D'Amico,0,0
12429,Ponyo,Kôji Hoshino,0,0
19995,Avatar,Laeta Kalogridis,0,0
87101,Terminator Genisys,Laeta Kalogridis,1,2550965087
272693,The DUFF,Lane Shefter Bishop,0,0
23730,C.H.U.D.,Larry Abrams,0,0
1669,The Hunt for Red October,Larry DeWaay,1,18400000
10269,Yentl,Larry DeWaay,0,0
10715,Looney Tunes: Back in Action,Larry Doyle,0,0
12498,Sling Blade,Larry Meistrich,0,0
846,The X Files,Lata Ryan,0,0
1833,Rent,Lata Ryan,1,123198313
10934,Under the Tuscan Sun,Laura Fattori,1,-22315211
9746,Kundun,Laura Fattori,0,0
12090,Just Married,Lauren Shuler Donner,0,0
6623,The Peacemaker,Laurie MacDonald,0,0
640,Catch Me If You Can,Laurie MacDonald,1,12967368
329440,The Forest,Lawrence Bender,1,-2389127
9763,Goal!: The Dream Begins,Lawrence Bender,0,0
4995,Boogie Nights,Lawrence Gordon,0,0
251471,A LEGO Brickumentary,Lee Clay,0,0
5174,Rush Hour 3,Leon Dudevoir,0,0
935,Dr. Strangelove or: How I Learned to Stop Worrying and Love the Bomb,Leon Minoff,0,0
860,WarGames,Leonard Goldberg,0,0
11827,Heavy Metal,Leonard Mogel,0,0
10316,The Ides of March,Leonardo DiCaprio,0,0
160588,Blue Jasmine,Leroy Schecter,0,0
334074,Survivor,Les Weldon,0,0
10535,Spy Hard,Leslie Nielsen,0,0
29193,The Spanish Prisoner,Letty Aronson,0,0
11176,The Muppet Movie,Lew Grade,0,0
6575,Walk Hard: The Dewey Cox Story,Lewis Morton,0,0
284296,Top Five,Lila Yacoub,0,0
9303,Bound,Lilly Wachowski,0,0
767,Harry Potter and the Half-Blood Prince,Lionel Wigram,0,0
4512,The Assassination of Jesse James by the Coward Robert Ford,Lisa Ellzey,0,0
59440,Warrior,Lisa Ellzey,1,-15288207
59962,This Means War,Lisa Stewart,1,46826768
9583,Divine Secrets of the Ya-Ya Sisterhood,Lisa Stewart,0,0
83686,The Words,Lisa Wilson,0,0
60599,Arbitrage,Lisa Wilson,1,7231461
253412,Everest,Liza Chasin,3,186930583
77866,Contraband,Liza Chasin,1,40103895
7516,Smokin' Aces,Liza Chasin,0,0
266856,The Theory of Everything,Liza Chasin,2,78203895
1573,Die Hard 2,Lloyd Levin,0,0
4477,The Devil's Own,Lloyd Levin,1,170031094
37710,The Tourist,Lloyd Phillips,2,389794909
16869,Inglourious Basterds,Lloyd Phillips,1,140663859
11678,Vertical Limit,Lloyd Phillips,0,0
49521,Man of Steel,Lloyd Phillips,3,568526278
22821,The Boondock Saints II: All Saints Day,Lloyd Segan,0,0
10490,Drop Dead Gorgeous,Lona Williams,0,0
111,Scarface,Louis A. Stroller,1,35988161
11676,Nothing to Lose,Louis A. Stroller,2,76872864
25113,The Four Seasons,Louis A. Stroller,0,0
8688,Snake Eyes,Louis A. Stroller,3,116466925
9266,Blue Crush,Louis G. Friedman,0,0
57165,Wrath of the Titans,Louis Leterrier,0,0
11324,Shutter Island,Louis Phillips,1,19785914
1949,Zodiac,Louis Phillips,0,0
15644,Paparazzi,Louise Rosner-Meyer,0,0
318846,The Big Short,Louise Rosner-Meyer,2,714029215
101299,The Hunger Games: Catching Fire,Louise Rosner-Meyer,1,-3394237
121986,Frances Ha,Lourenço Sant'Anna,0,0
81796,Lockout,Luc Besson,1,-2347965
8952,I Love You Phillip Morris,Luc Besson,0,0
238636,The Purge: Anarchy,Luc Etienne,0,0
316727,The Purge: Election Year,Luc Etienne,2,153761500
328425,The Gift,Luc Etienne,1,99782847
686,Contact,Lynda Obst,0,0
9715,Hope Floats,Lynda Obst,1,81120329
18823,Clash of the Titans,Lynn Harris,0,0
9095,Mary Reilly,Lynn Pleshette,0,0
37165,The Truman Show,Lynn Pleshette,1,-34620598
5176,3:10 to Yuma,Lynwood Spinks,0,0
82700,After Earth,M. Night Shyamalan,0,0
794,The Omen,Mace Neufeld,0,0
2157,Lost in Space,Mace Neufeld,1,58122980
16072,Gods and Generals,Mace Neufeld,2,114282403
188166,Blue Ruin,Macon Blair,0,0
10923,Agent Cody Banks,Madonna,0,0
14395,Kabhi Alvida Naa Kehna,Manoj Mittra,0,0
9946,End of Days,Marc Abraham,0,0
11973,Thirteen Days,Marc Abraham,1,111989043
9035,Slither,Marc Abraham,2,66555789
10362,Two Lovers,Marc Butan,0,0
58431,Pride and Prejudice and Zombies,Marc Butan,1,-8851818
10047,The Messenger: The Story of Joan of Arc,Marc Jenny,0,0
100042,Dumb and Dumber To,Marc S. Fischer,2,60041790
48988,Hall Pass,Marc S. Fischer,1,12881056
296099,Vacation,Marc S. Fischer,3,189878800
20856,Aliens in the Attic,Marc S. Fischer,0,0
240832,Lucy,Marc Shmuger,0,0
10743,Confidence,Marco Mehlitz,0,0
216015,Fifty Shades of Grey,Marcus Viscidi,0,0
2266,"Paris, je t'aime",Maria Köpf,1,5737585
104,Run Lola Run,Maria Köpf,0,0
41446,Scream 4,Marianne Maddalena,0,0
242166,Red Sky,Marina Bespalov,0,0
1640,Crash,Marina Grasic,0,0
4599,Raising Helen,Mario Iscovich,0,0
11459,Sky High,Mario Iscovich,1,-281389
228203,"McFarland, USA",Mario Iscovich,3,63093674
38303,You Again,Mario Iscovich,2,51088426
36351,Light Sleeper,Mario Kassar,2,306530825
861,Total Recall,Mario Kassar,1,110212904
9350,Cliffhanger,Mario Kassar,3,302581686
1368,First Blood,Mario Kassar,0,0
1408,Cutthroat Island,Mario Kassar,4,487581897
534,Terminator Salvation,Mario Kassar,5,399599219
9383,Hollow Man,Marion Rosenberg,0,0
119450,Dawn of the Planet of the Apes,Mark Bomback,0,0
76617,Texas Chainsaw 3D,Mark Burg,0,0
11058,Godsend,Mark Cuban,0,0
11600,Redacted,Mark Cuban,1,5114487
2001,We Own the Night,Mark Cuban,2,896589
136400,2 Guns,Mark Damon,4,-24096631
34584,The NeverEnding Story,Mark Damon,0,0
27549,Beastmaster 2: Through the Portal of Time,Mark Damon,1,-6841192
193756,Lone Survivor,Mark Damon,5,46843780
11354,The Upside of Anger,Mark Damon,3,-41012392
15074,Extreme Ops,Mark Damon,2,-11971867
26466,Triangle,Mark Gooder,0,0
1639,Speed 2: Cruise Control,Mark Gordon,0,0
10223,A Simple Plan,Mark Gordon,1,4508066
14202,The Painted Veil,Mark Gordon,2,3824339
38319,Your Highness,Mark Huffam,1,16597830
70981,Prometheus,Mark Huffam,2,-7180532
590,The Hours,Mark Huffam,0,0
109091,The Counselor,Mark Huffam,3,265989610
2655,What Lies Beneath,Mark Johnson,1,7592907
13776,Diner,Mark Johnson,0,0
11564,Class of 1984,Mark L. Lester,0,0
306,Beverly Hills Cop III,Mark Lipsky,0,0
9280,Femme Fatale,Mark Lombardo,0,0
291362,Road Hard,Mark Mohtashemi,0,0
46829,Barney's Version,Mark Musselman,0,0
11400,The New World,Mark Ordesky,1,-5396999
10781,The Texas Chainsaw Massacre: The Beginning,Mark Ordesky,2,-4860986
10740,Birth,Mark Ordesky,0,0
2268,The Golden Compass,Mark Ordesky,3,29656777
50014,The Help,Mark Radcliffe,0,0
76285,Percy Jackson: Sea of Monsters,Mark Radcliffe,1,99272124
9942,Major League,Mark Rosenberg,0,0
6977,No Country for Old Men,Mark Roybal,0,0
86825,Stoker,Mark Roybal,1,146600000
46838,Tucker and Dale vs Evil,Mark Ryan,0,0
146239,Delivery Man,Mark Sourian,0,0
55,Amores perros,Martha Sosa Elizondo,0,0
10208,Muppets from Space,Martin G. Baker,0,0
20337,Martin Lawrence Live: Runteldat,Martin Lawrence,1,143959438
9600,Big Momma's House,Martin Lawrence,0,0
71679,Resident Evil: Retribution,Martin Moszkowicz,3,285147895
35791,Resident Evil: Afterlife,Martin Moszkowicz,1,-12354673
19898,Pandorum,Martin Moszkowicz,0,0
52451,The Three Musketeers,Martin Moszkowicz,2,227873411
2567,The Aviator,Martin Scorsese,1,9627356
14295,You Can Count on Me,Martin Scorsese,0,0
24575,Raise the Titanic,Martin Starger,0,0
24021,The Twilight Saga: Eclipse,Marty Bowen,1,659827462
18239,The Twilight Saga: New Moon,Marty Bowen,0,0
200,Star Trek: Insurrection,Marty Hornstein,1,104000000
201,Star Trek: Nemesis,Marty Hornstein,2,152000000
199,Star Trek: First Contact,Marty Hornstein,0,0
87826,Here Comes the Boom,Marty P. Ewing,2,99136255
9955,Blades of Glory,Marty P. Ewing,1,14541707
11128,Ladder 49,Marty P. Ewing,0,0
10710,Envy,Mary McLaglen,0,0
9472,DodgeBall: A True Underdog Story,Mary McLaglen,1,-5433754
13973,Choke,Mary Vernieu,0,0
10611,Barbershop,Matt Alvarez,0,0
290751,Secret in Their Eyes,Matt Berenson,0,0
7364,Sahara,Matthew McConaughey,0,0
788,Mrs. Doubtfire,Matthew Rushton,0,0
9444,Anastasia,Maureen Donley,0,0
12770,Stealing Harvard,Maureen Peyrot,1,-48583698
10375,D-Tox,Maureen Peyrot,0,0
25212,Deterrence,Maurice Leblond,0,0
9023,Spirit: Stallion of the Cimarron,Max Howard,0,0
159037,The Square,Maxyne Franklin,0,0
2018,The Wedding Planner,Meg Ryan,0,0
26171,Everybody's Fine,Meir Teper,0,0
43947,I Spit on Your Grave,Meir Zarchi,0,0
1955,The Elephant Man,Mel Brooks,0,0
23570,The Pallbearer,Meryl Poster,0,0
6114,Dracula,Michael Apted,0,0
1090,The Thirteenth Floor,Michael Ballhaus,0,0
673,Harry Potter and the Prisoner of Azkaban,Michael Barnathan,0,0
308531,Teenage Mutant Ninja Turtles: Out of the Shadows,Michael Bay,0,0
773,Little Miss Sunshine,Michael Beugg,0,0
334531,My All American,Michael Beugg,1,92523181
72545,Journey 2: The Mysterious Island,Michael Bostick,2,128322400
1624,Liar Liar,Michael Bostick,0,0
10052,Dragonfly,Michael Bostick,1,136000000
24746,Six-String Samurai,Michael Burns,0,0
951,Kindergarten Cop,Michael C. Gross,2,211465979
9930,Legal Eagles,Michael C. Gross,0,0
9493,Twins,Michael C. Gross,1,9851591
11780,Rob Roy,Michael Caton-Jones,0,0
12113,Body of Lies,Michael Costigan,0,0
11284,Freddy's Dead: The Final Nightmare,Michael De Luca,0,0
36647,Blade,Michael De Luca,2,24072349
8470,John Q,Michael De Luca,6,189990130
13403,Hedwig and the Angry Inch,Michael De Luca,4,121707682
10950,I Am Sam,Michael De Luca,5,119447712
334,Magnolia,Michael De Luca,3,110255879
2666,Dark City,Michael De Luca,1,23872033
20763,Radio Flyer,Michael Douglas,0,0
584,2 Fast 2 Furious,Michael Fottrell,1,150622424
1819,"You, Me and Dupree",Michael Fottrell,2,310973085
11529,Sweet Home Alabama,Michael Fottrell,0,0
700,Octopussy,Michael G. Wilson,1,167312802
699,For Your Eyes Only,Michael G. Wilson,0,0
22803,Law Abiding Citizen,Michael Goguen,0,0
37233,The Firm,Michael Hausman,1,33973029
279,Amadeus,Michael Hausman,0,0
26320,Taking Woodstock,Michael Hausman,2,262221396
17431,Moon,Michael Henry,0,0
116149,Paddington,Michael Hirsh,0,0
2176,The Glass House,Michael I. Rachmil,2,28593880
10413,Nowhere to Run,Michael I. Rachmil,0,0
9625,The Glimmer Man,Michael I. Rachmil,1,37189039
11397,Not Another Teen Movie,Michael I. Rachmil,3,22213489
10279,Summer of Sam,Michael Imperioli,0,0
11411,Superman IV: The Quest for Peace,Michael J. Kagan,0,0
37903,The White Ribbon,Michael Katz,0,0
9616,The Order,Michael Kuhn,0,0
522,Ed Wood,Michael Lehmann,0,0
9548,The Adventures of Ford Fairlane,Michael Levy,0,0
12690,Appaloosa,Michael London,0,0
7512,Idiocracy,Michael Nelson,0,0
23048,Hot Tub Time Machine,Michael Nelson,2,-29748761
13523,Sex Drive,Michael Nelson,1,-29504697
13820,Repo Man,Michael Nesmith,0,0
6639,Love in the Time of Cholera,Michael Nozik,0,0
16781,Madea's Family Reunion,Michael Paseornek,1,2110448
12149,Frailty,Michael Paseornek,0,0
210860,Mortdecai,Michael Paseornek,2,53341972
244267,I Origins,Michael Pitt,0,0
70435,Haywire,Michael Polaire,1,77551594
39538,Contagion,Michael Polaire,0,0
28053,City Island,Michael Roban,0,0
43942,Freakonomics,Michael Roban,1,670712
75656,Now You See Me,Michael Schaefer,0,0
783,Gandhi,Michael Stanley-Evans,0,0
11535,Rollerball,Michael Tadross,0,0
49026,The Dark Knight Rises,Michael Uslan,6,1969862307
155,The Dark Knight,Michael Uslan,5,1150303863
272,Batman Begins,Michael Uslan,4,926085190
137106,The Lego Movie,Michael Uslan,7,2804801406
268,Batman,Michael Uslan,0,0
364,Batman Returns,Michael Uslan,1,376348924
415,Batman & Robin,Michael Uslan,3,812878068
414,Batman Forever,Michael Uslan,2,576348924
157354,Fruitvale Station,Michael Y. Chow,0,0
622,The Ninth Gate,Michel Cheyko,0,0
9513,Garfield: A Tail of Two Kitties,Michele Imperato,0,0
136795,The Heat,Michele Imperato,1,87985373
228205,The Longest Ride,Michele Imperato,2,203659553
20794,Novocaine,Michele Weisler,0,0
222935,The Fault in Our Stars,Michelle Imperato,0,0
46705,Blue Valentine,Michelle Williams,0,0
70670,Headhunters,Mikael Wallen,0,0
69668,Dream House,Mike Drake,0,0
13596,My Best Friend's Girl,Mike Elliott,0,0
8875,Timber Falls,Mike Marvin,0,0
90,Beverly Hills Cop,Mike Moder,0,0
2447,The Nativity Story,Mike Rich,0,0
8831,Timecop,Mike Richardson,0,0
4513,30 Days of Night,Mike Richardson,1,74646581
2059,National Treasure,Mike Stenson,5,346329024
9543,Prince of Persia: The Sands of Time,Mike Stenson,8,1267579978
855,Black Hawk Down,Mike Stenson,1,106706683
285,Pirates of the Caribbean: At World's End,Mike Stenson,7,606579978
10637,Remember the Titans,Mike Stenson,0,0
10629,Veronica Guerin,Mike Stenson,3,218419550
10628,Kangaroo Jack,Mike Stenson,2,187696334
9918,Glory Road,Mike Stenson,6,593780918
8961,Bad Boys II,Mike Stenson,4,202989468
4550,Sympathy for Lady Vengeance,Miky Lee,0,0
14757,Osama,Mohsen Makhmalbaf,0,0
73567,Killer Joe,Molly Conners,0,0
194662,Birdman,Molly Conners,1,-6334931
80035,The Watch,Monica Levinson,0,0
22954,Invictus,Morgan Freeman,0,0
22907,Takers,Morris Chestnut,0,0
9594,Double Impact,Moshe Diamant,0,0
11361,Halloween 5: The Revenge of Michael Myers,Moustapha Akkad,1,12768757
11442,Halloween: Resurrection,Moustapha Akkad,3,29527645
11357,Halloween 4: The Return of Michael Myers,Moustapha Akkad,0,0
10987,Halloween: The Curse of Michael Myers,Moustapha Akkad,2,19411011
13001,Stargate: The Ark of Truth,N. John Smith,0,0
259694,How to Be Single,Nancy Juvonen,0,0
12281,Mean Creek,Nancy Stephens,0,0
8461,Funny Games,Naomi Watts,0,0
111190,Adore,Naomi Watts,1,-7061128
41630,No Strings Attached,Natalie Portman,0,0
39513,Paul,Natascha Wharton,1,68573774
4638,Hot Fuzz,Natascha Wharton,0,0
325133,Neighbors 2: Sorority Rising,Nathan Kahane,3,137021739
80271,LOL,Nathan Kahane,1,31187783
137093,Last Vegas,Nathan Kahane,2,30619289
40807,50/50,Nathan Kahane,0,0
38448,Ondine,Ned Dowd,1,80175290
1579,Apocalypto,Ned Dowd,0,0
60243,A Separation,Negar Eskandarfar,0,0
31582,Flawless,Neil A. Machlis,0,0
8920,Garfield,Neil A. Machlis,3,125973037
14113,Zoom,Neil A. Machlis,5,388229109
10808,Dr. Dolittle 2,Neil A. Machlis,2,19868693
1636,Bedazzled,Neil A. Machlis,1,-22514515
10320,The Ring Two,Neil A. Machlis,4,276777571
5852,Angel Eyes,Neil Canton,0,0
9884,Collateral Damage,Nicholas Meyer,0,0
112949,Safe Haven,Nicholas Sparks,0,0
145220,Muppets Most Wanted,Nicholas Stoller,0,0
14048,Man on Wire,Nick Fraser,0,0
8413,Event Horizon,Nick Gillott,0,0
11431,Fever Pitch,Nick Hornby,0,0
43933,Monsters,Nick Love,0,0
27845,Trees Lounge,Nick Wechsler,0,0
1381,The Fountain,Nick Wechsler,3,12183274
641,Requiem for a Dream,Nick Wechsler,2,9293166
45153,Eve's Bayou,Nick Wechsler,1,-550259
312221,Creed,Nicolas Stern,1,81980662
82654,Warm Bodies,Nicolas Stern,0,0
89861,Stiff Upper Lips,Nigel Savage,0,0
41402,Let Me In,Nigel Sinclair,1,-7207439
10782,Basic,Nigel Sinclair,0,0
71805,Shipwrecked,Nigel Wooll,0,0
35,The Simpsons Movie,Nikki Vanzo,2,114932160
11836,The SpongeBob SquarePants Movie,Nikki Vanzo,0,0
13158,Aqua Teen Hunger Force Colon Movie Film for Theaters,Nikki Vanzo,1,110161792
7735,The Wave,Nina Maag,0,0
11093,House of Sand and Fog,Nina R. Sadowsky,0,0
20352,Despicable Me,Nina Rappaport,0,0
9552,The Exorcist,Noel Marshall,0,0
13811,Knowing,Norman Golightly,0,0
2493,The Princess Bride,Norman Lear,0,0
10030,Good Luck Chuck,Ogden Gavanski,0,0
9950,Find Me Guilty,Oliver Hengst,0,0
11229,Freeway,Oliver Stone,0,0
9563,Any Given Sunday,Oliver Stone,1,-2704507
202575,Thunder and the House of Magic,Olivier Courson,0,0
321258,The Boy,Oren Aviv,0,0
11545,Rushmore,Owen Wilson,0,0
9428,The Royal Tenenbaums,Owen Wilson,1,8096053
16428,Breakin' All the Rules,Paddy Cullen,0,0
10053,When a Stranger Calls,Paddy Cullen,1,3512317
8386,How High,Pamela Abdy,0,0
252680,Moms' Night Out,Patricia Heaton,0,0
8874,My Best Friend's Wedding,Patricia Whitcher,0,0
1125,Dreamgirls,Patricia Whitcher,1,261288605
17332,The Soloist,Patricia Whitcher,2,346226285
10288,Fido,Patrick Cassavetti,0,0
9471,Charlie's Angels: Full Throttle,Patrick Crowley,0,0
1487,Hellboy,Patrick J. Palmer,1,-3237295
10589,After the Sunset,Patrick J. Palmer,2,30081692
7341,The Rage: Carrie 2,Patrick J. Palmer,0,0
10994,White Oleander,Patrick Markey,1,13642838
10866,Joy Ride,Patrick Markey,0,0
9623,The Juror,Patrick McCormick,0,0
8840,DragonHeart,Patrick Read Johnson,0,0
8293,Howards End,Paul Bradley,0,0
1245,The Remains of the Day,Paul Bradley,1,18317943
25941,Harry Brown,Paul Brett,0,0
302688,My Big Fat Greek Wedding 2,Paul Brooks,0,0
29064,The Omega Code,Paul Crouch,0,0
55721,Bridesmaids,Paul Feig,0,0
9093,The Four Feathers,Paul Feldsher,0,0
479,Shaft,Paul Hall,0,0
16005,The Lucky Ones,Paul Hanson,0,0
10003,The Saint,Paul Hitchcock,1,377696359
954,Mission: Impossible,Paul Hitchcock,0,0
109729,The Canyons,Paul Hunter,0,0
8195,Ronin,Paul Kelmenson,0,0
42057,It's a Wonderful Afterlife,Paul Mayeda Berges,0,0
6978,Big Trouble in Little China,Paul Monash,0,0
642,Butch Cassidy and the Sundance Kid,Paul Newman,0,0
7859,Half Nelson,Paul S. Mezey,0,0
84175,Beasts of the Southern Wild,Paul S. Mezey,2,5888660
55420,Another Earth,Paul S. Mezey,1,4211725
9392,The Descent,Paul Smith,0,0
11194,Touching the Void,Paul Trijbits,0,0
293660,Deadpool,Paul Wernick,0,0
89492,This Is 40,Paula Pell,0,0
74,War of the Worlds,Paula Wagner,0,0
3172,Bandits,Paula Weinstein,0,0
8916,Antz,Penney Finkelman Cox,0,0
2454,The Chronicles of Narnia: Prince Caspian,Perry Moore,0,0
62177,Brave,Pete Docter,0,0
16,Dancer in the Dark,Peter Aalbæk Jensen,0,0
62215,Melancholia,Peter Aalbæk Jensen,2,19678317
10913,Dear Wendy,Peter Aalbæk Jensen,1,27231879
34941,The Last Time I Committed Suicide,Peter Abrams,0,0
184315,Hercules,Peter Berg,0,0
9767,The Break-Up,Peter Billingsley,0,0
12193,Four Christmases,Peter Billingsley,1,152999686
9030,The Eye,Peter Block,2,46383684
10431,War,Peter Block,1,30931041
1948,Crank,Peter Block,0,0
19901,Daybreakers,Peter Block,3,90693450
12509,Pollock,Peter Brant,1,49144
549,Basquiat,Peter Brant,0,0
13429,Donkey Punch,Peter Carlton,0,0
11217,Club Dread,Peter E. Lengyel,0,0
819,Sleepers,Peter Giuliano,0,0
11247,A Cinderella Story,Peter Greene,0,0
380,Rain Man,Peter Guber,1,131292009
873,The Color Purple,Peter Guber,0,0
8095,Cleopatra,Peter Levathes,0,0
278927,The Jungle Book,Peter M. Tobyansen,0,0
48138,Unknown,Peter McAleese,1,-7788574
266396,The Gunman,Peter McAleese,2,92997823
13460,Doomsday,Peter McAleese,0,0
9882,The Siege,Peter Schindler,0,0
242095,The Signal,Peter Schlessel,1,-12168369
280092,Insidious: Chapter 3,Peter Schlessel,2,-15567473
76649,Pompeii,Peter Schlessel,0,0
109451,Cloudy with a Chance of Meatballs 2,Phil Lord,0,0
83542,Cloud Atlas,Philip Lee,0,0
68728,Oz: The Great and Powerful,Philip Steuer,1,-119180039
218778,"Alexander and the Terrible, Horrible, No Good, Very Bad Day",Philip Steuer,2,172688509
10733,The Alamo,Philip Steuer,0,0
9962,The Good Girl,Philip von Alvensleben,0,0
4657,Jindabyne,Philippa Bateman,0,0
11141,Laws of Attraction,Pierce Brosnan,0,0
254904,The November Man,Pierce Brosnan,1,2016165
837,Videodrome,Pierre David,0,0
12454,All or Nothing,Pierre Edelman,2,1315205
404,The Straight Story,Pierre Edelman,0,0
1018,Mulholland Drive,Pierre Edelman,1,-3802134
1966,Alexander,Pierre Grunstein,0,0
2013,The Diving Bell and the Butterfly,Pierre Grunstein,1,12298192
2395,Asterix at the Olympic Games,Pierre Grunstein,2,18075839
25520,The House of Mirth,Pippa Cross,0,0
1548,Ghost World,Pippa Cross,1,-4835596
11632,Vanity Fair,Pippa Cross,2,-1573988
19255,Away We Go,Pippa Harris,0,0
295886,Brotherly Love,Queen Latifah,1,3657914
63574,Joyful Noise,Queen Latifah,0,0
1690,Hostel,Quentin Tarantino,1,-1081039
507,Killing Zoe,Quentin Tarantino,0,0
1691,Hostel: Part II,Quentin Tarantino,2,74697895
547,The Horse Whisperer,Rachel Pfeffer,1,203240178
881,A Few Good Men,Rachel Pfeffer,0,0
597,Titanic,Rae Sanchini,1,263882411
36955,True Lies,Rae Sanchini,0,0
11228,Daylight,Raffaella De Laurentiis,0,0
1729,The Forbidden Kingdom,Raffaella De Laurentiis,2,67171165
5137,Sky Captain and the World of Tomorrow,Raffaella De Laurentiis,1,79212469
45132,Super,Rainn Wilson,0,0
5393,Happily N'Ever After,Ralph Kamp,0,0
331190,Captive,Ralph Winter,2,53495169
227156,The Giver,Ralph Winter,1,11514713
10439,Hocus Pocus,Ralph Winter,0,0
13888,Return to the Blue Lagoon,Randal Kleiser,0,0
94329,The Raid,Rangga Maya Barack-Evans,0,0
58151,Fright Night,Ray Angelic,0,0
18405,The Last House on the Left,Ray Haboush,0,0
12763,Take the Lead,Ray Liotta,0,0
9713,Holy Man,Ray Murphy Jr.,0,0
1497,Teenage Mutant Ninja Turtles II: The Secret of the Ooze,Raymond Chow,0,0
203833,The Book Thief,Redmond Morris,1,34469904
1259,Notes on a Scandal,Redmond Morris,0,0
10327,"Legally Blonde 2: Red, White & Blonde",Reese Witherspoon,0,0
13967,Miss Potter,Renée Zellweger,0,0
10707,The Squid and the Whale,Reverge Anselmo,0,0
19908,Zombieland,Rhett Reese,0,0
8292,Four Brothers,Ric Kidney,3,-55090996
19724,Imagine That,Ric Kidney,4,-7716322
8838,Mercury Rising,Ric Kidney,0,0
10159,The Rundown,Ric Kidney,1,-27016668
11866,Flight of the Phoenix,Ric Kidney,2,-31100176
9021,The Santa Clause 2,Richard Baker,0,0
14181,Boiler Room,Richard Brener,0,0
38073,Going the Distance,Richard Brener,3,64575692
9532,Final Destination,Richard Brener,1,2780255
13335,Harold & Kumar Escape from Guantanamo Bay,Richard Brener,2,33082569
18947,The Boat That Rocked,Richard Curtis,0,0
12123,Chain Reaction,Richard D. Zanuck,2,432130613
9277,The Sting,Richard D. Zanuck,1,278014286
15121,The Sound of Music,Richard D. Zanuck,0,0
1547,The Lost Boys,Richard Donner,0,0
21512,The Blood of Heroes,Richard Francis-Bruce,0,0
71866,Tanner Hall,Richard L. Bready,0,0
74643,The Artist,Richard Middleton,0,0
299687,The 5th Wave,Richard Middleton,1,118432856
500,Reservoir Dogs,Richard N. Gladstein,0,0
16288,Creepshow 2,Richard P. Rubinstein,0,0
336004,Heist,Richard Rionda Del Castro,0,0
332411,I Am Wrath,Richard Rionda Del Castro,1,-4800000
162903,The Fifth Estate,Richard Sharkey,0,0
10786,Robin and Marian,Richard Shepherd,0,0
25643,Love Happens,Richard Solomon,0,0
50647,Wanderlust,Richard Vane,10,522523335
9870,Forgetting Sarah Marshall,Richard Vane,7,390227803
15992,Abandon,Richard Vane,3,350791104
9826,The Phantom,Richard Vane,1,340991681
9896,Rat Race,Richard Vane,2,313292570
32823,Get Him to the Greek,Richard Vane,9,472493679
17379,Last Holiday,Richard Vane,5,387141579
21724,Dance Flick,Richard Vane,8,465400918
772,Home Alone 2: Lost in New York,Richard Vane,0,0
72207,The Five-Year Engagement,Richard Vane,11,511683269
10762,Without a Paddle,Richard Vane,4,336510461
8457,Drillbit Taylor,Richard Vane,6,380541540
364083,Mi America,Rick Porras,0,0
44048,Unstoppable,Rick Yorn,0,0
39053,Cyrus,Ridley Scott,2,326940427
98,Gladiator,Ridley Scott,1,-27700000
10534,White Squall,Ridley Scott,0,0
243938,Hot Tub Time Machine 2,Rob Corddry,0,0
323676,The Boss,Rob Cowan,1,80525432
226486,Tammy,Rob Cowan,0,0
1931,Stomp the Yard,Rob Hardy,0,0
67660,Think Like a Man,Rob Hardy,1,62511123
10996,Stuart Little 2,Rob Minkoff,0,0
12403,A Perfect Getaway,Robert Bernacchi,1,-8448690
48171,The Rite,Robert Bernacchi,2,403948
10075,Blood and Chocolate,Robert Bernacchi,0,0
96,Beverly Hills Cop II,Robert D. Wachs,0,0
10734,Escape from Alcatraz,Robert Daley,0,0
11322,Public Enemies,Robert De Niro,0,0
62837,Dolphin Tale,Robert Engelman,2,65957931
9312,Mortal Kombat,Robert Engelman,0,0
9824,Mystery Men,Robert Engelman,1,104195920
240,The Godfather: Part II,Robert Evans,1,239066411
238,The Godfather,Robert Evans,0,0
6557,27 Dresses,Robert F. Newmyer,0,0
270487,"Hail, Caesar!",Robert Graf,1,21935319
86829,Inside Llewyn Davis,Robert Graf,0,0
10395,Wolf,Robert Greenhut,1,34251425
9716,Everyone Says I Love You,Robert Greenhut,2,95263182
703,Annie Hall,Robert Greenhut,0,0
5123,August Rush,Robert Greenhut,3,109863182
26390,Brooklyn's Finest,Robert Greenhut,4,150985208
629,The Usual Suspects,Robert Jones,0,0
11162,The Merchant of Venice,Robert Jones,2,85295612
16608,The Proposition,Robert Jones,5,133881722
1985,The Constant Gardener,Robert Jones,4,76415052
11109,Vera Drake,Robert Jones,3,74061197
5279,Gosford Park,Robert Jones,1,17341568
16888,The Ladies Man,Robert K. Weiss,0,0
9292,Hudson Hawk,Robert Kraft,0,0
1577,Resident Evil: Apocalypse,Robert Kulzer,1,69984862
1576,Resident Evil,Robert Kulzer,0,0
9778,Serendipity,Robert L. Levy,0,0
9495,The Crow,Robert L. Rosen,0,0
11186,Child's Play 2,Robert Latham Brown,0,0
9573,Blood Work,Robert Lorenz,0,0
23169,Remember Me,Robert Pattinson,0,0
755,From Dusk Till Dawn,Robert Rodriguez,0,0
6466,Freddy vs. Jason,Robert Shaye,1,37106245
10559,Frequency,Robert Shaye,0,0
9678,Little Nicky,Robert Simonds,0,0
10067,The Shaggy Dog,Robert Simonds,1,-21729609
12106,The Quick and the Dead,Robert Tapert,0,0
9624,On Deadly Ground,Robert Watts,0,0
39254,Real Steel,Robert Zemeckis,2,74264152
9059,Tales from the Crypt: Demon Knight,Robert Zemeckis,0,0
9297,Monster House,Robert Zemeckis,1,9089146
70160,The Hunger Games,Robin Bissell,0,0
19316,Saving Face,Robin O'Hara,0,0
13816,Idlewild,Robin O'Hara,1,-1230295
5178,The Good Heart,Robin O'Hara,2,-3560381
11137,The Prince & Me,Robin Schorr,0,0
17610,Year One,Rodney Rothman,0,0
26388,Buried,Rodrigo Cortés,0,0
2310,Beowulf,Roger Avary,0,0
10115,Stick It,Roger Birnbaum,2,191223216
10069,Stay Alive,Roger Birnbaum,1,173118121
9741,Unbreakable,Roger Birnbaum,0,0
12797,Ghost Town,Roger Birnbaum,6,468115801
72559,G.I. Joe: Retaliation,Roger Birnbaum,7,477959046
8909,Wanted,Roger Birnbaum,4,305026729
12177,The Love Guru,Roger Birnbaum,5,488296737
8645,The Happening,Roger Birnbaum,3,201622930
13282,Death Race 2000,Roger Corman,0,0
8869,Eight Legged Freaks,Roland Emmerich,1,105294342
2024,The Patriot,Roland Emmerich,0,0
14161,2012,Roland Emmerich,2,112016653
9839,Beyond Borders,Roland Pellegrino,0,0
11908,Hatchet,Roman Kindrachuk,0,0
12257,Home Fries,Romi Lassally,0,0
7874,Black Snake Moan,Ron Schmidt,0,0
37056,Letters to Juliet,Ron Schmidt,1,-4096154
33644,How Stella Got Her Groove Back,Ronald Bass,0,0
12159,What Dreams May Come,Ronald Bass,1,17672350
11648,Must Love Dogs,Ronald G. Smith,0,0
297,Meet Joe Black,Ronald L. Schwary,0,0
9800,Philadelphia,Ronald M. Bozman,0,0
9890,The Stepford Wives,Ronald M. Bozman,1,180678440
44638,The Tempest,Ronald M. Bozman,2,192678440
180,Minority Report,Ronald Shusett,1,93931801
348,Alien,Ronald Shusett,0,0
22600,Gangster's Paradise: Jerusalema,Ronnie Apteker,0,0
2652,Hard Candy,Rosanne Korenberg,0,0
49948,Fantasia 2000,Roy Edward Disney,0,0
421,The Life Aquatic with Steve Zissou,Rudd Simmons,0,0
12109,It's All Gone Pete Tong,Rupert Preston,0,0
1619,The Way of the Gun,Russell D. Markowitz,0,0
24438,Did You Hear About the Morgans?,Ryan Kavanaugh,0,0
138697,Don Jon,Ryan Kavanaugh,2,123280250
27573,The Bounty Hunter,Ryan Kavanaugh,1,27280250
9557,Boat Trip,Sabine de Mardt,0,0
16281,Creepshow,Salah M. Hassanein,0,0
8408,Day of the Dead,Salah M. Hassanein,1,13028755
18292,George Washington,Sam Froelich,0,0
47889,Ruby in Paradise,Sam Gowan,0,0
23685,Monkeybone,Sam Hamm,0,0
83666,Moonrise Kingdom,Sam Hoffman,0,0
7979,The Kite Runner,Sam Mendes,0,0
236751,Heaven is for Real,Sam Mercer,2,603680907
745,The Sixth Sense,Sam Mercer,0,0
2067,Mission to Mars,Sam Mercer,1,632806292
77883,The Possession,Sam Raimi,1,29050000
764,The Evil Dead,Sam Raimi,0,0
10132,Talk Radio,Sam Strangis,0,0
51588,Prom,Samson Mucke,0,0
11191,Mystic Pizza,Samuel Goldwyn Jr.,0,0
1427,Perfume: The Story of a Murderer,Samuel Hadida,0,0
11033,Dressed to Kill,Samuel Z. Arkoff,0,0
10317,Our Brand Is Crisis,Sandra Bullock,0,0
326,Snakes on a Plane,Sandra Rabins,0,0
37003,U2 3D,Sandy Climan,0,0
10160,A Nightmare on Elm Street 5: The Dream Child,Sara Risher,1,65500000
10131,A Nightmare on Elm Street 4: The Dream Master,Sara Risher,0,0
102651,Maleficent,Sarah Bradshaw,0,0
64720,Take Shelter,Sarah Green,0,0
863,Toy Story 2,Sarah McArthur,0,0
14462,The Manchurian Candidate,Scott Aversano,0,0
82507,Sinister,Scott Derrickson,0,0
300671,13 Hours: The Secret Soldiers of Benghazi,Scott Gardenhour,1,61175291
134374,Pain & Gain,Scott Gardenhour,0,0
335778,Risen,Scott Holroyd,0,0
2054,Mr. Holland's Opus,Scott Kroopf,0,0
2787,Pitch Black,Scott Kroopf,1,75282604
98357,Broken City,Scott Lambert,0,0
114150,Pitch Perfect,Scott Niemeyer,3,132746069
14536,New in Town,Scott Niemeyer,2,111735252
254470,Pitch Perfect 2,Scott Niemeyer,4,231096495
1257,Because I Said So,Scott Niemeyer,1,81196419
11804,White Noise,Scott Niemeyer,0,0
7345,There Will Be Blood,Scott Rudin,5,282323445
3989,Team America: World Police,Scott Rudin,2,66526868
1551,Flatliners,Scott Rudin,0,0
24803,Julie & Julia,Scott Rudin,6,334532156
2288,Closer,Scott Rudin,3,85434290
9473,"South Park: Bigger, Longer & Uncut",Scott Rudin,1,35489265
1165,The Queen,Scott Rudin,4,173939317
60308,Moneyball,Scott Rudin,7,424072655
9802,The Rock,Sean Connery,1,4948240
9096,Medicine Man,Sean Connery,0,0
8698,The League of Extraordinary Gentlemen,Sean Connery,2,265010861
11775,Intolerable Cruelty,Sean Daniel,2,-20972734
10632,The Hunted,Sean Daniel,1,-206742
10615,Pootie Tang,Sean Daniel,0,0
8849,Alfie,Sean Daniel,3,38968081
11470,Jason X,Sean S. Cunningham,0,0
29146,Charly,Selig J. Seligman,0,0
1391,Y Tu Mamá También,Sergio Aguero,0,0
4951,10 Things I Hate About You,Seth Jaret,0,0
4964,Knocked Up,Seth Rogen,0,0
20829,Funny People,Seth Rogen,3,365164587
8363,Superbad,Seth Rogen,1,189076518
10189,Pineapple Express,Seth Rogen,2,290539744
82525,Savages,Shane Salerno,0,0
9766,Gridiron Gang,Shane Stanley,0,0
18065,Next Day Air,Shaun Livingston,0,0
503,Poseidon,Sheila Allen,0,0
8953,Steamboy,Shigeru Watanabe,0,0
10253,Dragon Wars: D-War,Shim Hyung-Rae,0,0
79,Hero,Shoufang Dou,0,0
1880,Red Dawn,Sidney Beckerman,0,0
8338,Blindness,Simon Channing Williams,0,0
10008,An American Haunting,Simon Franks,1,-8358212
9613,Spider,Simon Franks,0,0
31246,From Justin to Kelly,Simon Fuller,0,0
72331,Abraham Lincoln: Vampire Hunter,Simon Kinberg,0,0
52520,Underworld: Awakening,Skip Williamson,1,73708457
277,Underworld,Skip Williamson,0,0
27936,Micmacs,Souad Lamriki,0,0
25066,Tales from the Hood,Spike Lee,0,0
176,Saw,Stacey Testro,0,0
8247,Jumper,Stacy Maes,0,0
1930,The Amazing Spider-Man,Stan Lee,10,3076058885
166424,Fantastic Four,Stan Lee,17,7766096998
1927,Hulk,Stan Lee,0,0
10195,Thor,Stan Lee,8,1477174357
99861,Avengers: Age of Ultron,Stan Lee,15,6251381339
1724,The Incredible Hulk,Stan Lee,6,1039528952
9947,Elektra,Stan Lee,2,172265846
1979,Fantastic 4: Rise of the Silver Surfer,Stan Lee,4,435306967
102899,Ant-Man,Stan Lee,16,7376785033
24428,The Avengers,Stan Lee,9,1776500975
1726,Iron Man,Stan Lee,5,594354730
36668,X-Men: The Last Stand,Stan Lee,3,185947412
36648,Blade: Trinity,Stan Lee,1,108360480
118340,Guardians of the Galaxy,Stan Lee,14,5648052710
10138,Iron Man 2,Stan Lee,7,1053241026
100402,Captain America: The Winter Soldier,Stan Lee,13,5103286138
68721,Iron Man 3,Stan Lee,11,3613274742
271110,Captain America: Civil War,Stan Lee,18,7814074594
76338,Thor: The Dark World,Stan Lee,12,4628714736
256591,Focus,Stan Wlodkowski,0,0
377,A Nightmare on Elm Street,Stanley Dudelson,0,0
10014,A Nightmare on Elm Street Part 2: Freddy's Revenge,Stanley Dudelson,1,23704513
1544,Imagine Me & You,Stefan Arndt,0,0
84329,Robot & Frank,Stefan Sonnenfeld,0,0
48231,A Dangerous Method,Stephan Mallmann,0,0
16112,The Adventures of Elmo in Grouchland,Stephanie Allain,0,0
84892,The Perks of Being a Wallflower,Stephen Chbosky,0,0
10705,Henry V,Stephen Evans,0,0
241254,The Prince,Stephen J. Eads,0,0
9647,Scrooged,Stephen J. Roth,0,0
17622,Fifty Dead Men Walking,Stephen Margolis,0,0
23483,Kick-Ass,Stephen Marks,1,65560026
2270,Stardust,Stephen Marks,0,0
3981,What Women Want,Stephen McEveety,2,209626121
2112,Payback,Stephen McEveety,1,138000000
12586,Bella,Stephen McEveety,3,513737828
197,Braveheart,Stephen McEveety,0,0
512,Scoop,Stephen Tenenbaum,2,-12300434
2779,The Curse of the Jade Scorpion,Stephen Tenenbaum,0,0
10739,Anything Else,Stephen Tenenbaum,1,-7503478
8545,Little Voice,Stephen Woolley,0,0
17186,Supercross,Steve Boyum,0,0
12404,Me and Orson Welles,Steve Christian,1,-4049998
5072,Severance,Steve Christian,0,0
50546,Just Go with It,Steve Koren,0,0
257344,Pixels,Steve Koren,2,218413017
232672,Blended,Steve Koren,1,134918407
9353,Nacho Libre,Steve Nicolaides,1,96282949
1584,School of Rock,Steve Nicolaides,0,0
310,Bruce Almighty,Steve Oedekerk,0,0
944,Lethal Weapon 4,Steve Perry,2,82019244
10135,Road House,Steve Perry,0,0
2320,Executive Decision,Steve Perry,1,15050028
13809,RockNRolla,Steve Richards,1,21846082
22832,Ninja Assassin,Steve Richards,2,29585097
11377,House on Haunted Hill,Steve Richards,0,0
82505,House at the End of the Street,Steve Samuels,1,-5245102
7510,Running with Scissors,Steve Samuels,0,0
73,American History X,Steve Tisch,0,0
107,Snatch,Steve Tisch,1,3875127
82696,Hope Springs,Steve Tisch,2,77432999
10163,The Lawnmower Man,Steven A. Lane,1,16985893
11298,The Howling,Steven A. Lane,0,0
20697,Ready to Rumble,Steven Reuther,1,165676146
754,Face/Off,Steven Reuther,0,0
11983,Proof of Life,Steven Reuther,2,154048556
12508,Rock Star,Steven Reuther,3,151809561
298312,The Visit,Steven Schneider,2,193398916
104755,The Lords of Salem,Steven Schneider,1,193733034
23827,Paranormal Activity,Steven Schneider,0,0
3291,"Good Night, and Good Luck.",Steven Soderbergh,0,0
71859,We Need to Talk About Kevin,Steven Soderbergh,1,47600000
6488,Arachnophobia,Steven Spielberg,6,993941654
1598,Cape Fear,Steven Spielberg,7,1016149834
135397,Jurassic World,Steven Spielberg,25,7453474732
1656,The Legend of Zorro,Steven Spielberg,18,3832822221
165,Back to the Future Part II,Steven Spielberg,3,505931864
11904,Young Sherlock Holmes,Steven Spielberg,2,504192864
1858,Transformers,Steven Spielberg,19,3900222286
808,Shrek,Steven Spielberg,15,2830813391
196,Back to the Future Part III,Steven Spielberg,4,797931864
41154,Men in Black 3,Steven Spielberg,23,6173042859
91314,Transformers: Age of Extinction,Steven Spielberg,24,6572069635
11618,The Haunting,Steven Spielberg,14,2819624486
8656,Deep Impact,Steven Spielberg,12,2598871299
9342,The Mask of Zorro,Steven Spielberg,13,2664335963
331,Jurassic Park III,Steven Spielberg,16,3255222609
105,Back to the Future,Steven Spielberg,1,142083102
13027,Eagle Eye,Steven Spielberg,20,4459932066
607,Men in Black,Steven Spielberg,11,2099480760
608,Men in Black II,Steven Spielberg,17,3531003418
38356,Transformers: Dark of the Moon,Steven Spielberg,22,5244295863
8839,Casper,Steven Spielberg,9,1459081042
664,Twister,Steven Spielberg,10,1697009236
888,The Flintstones,Steven Spielberg,8,1163449834
8373,Transformers: Revenge of the Fallen,Steven Spielberg,21,4557998635
927,Gremlins,Steven Spielberg,0,0
928,Gremlins 2: The New Batch,Steven Spielberg,5,1002459447
45145,Johnny Suede,Steven Starr,0,0
77948,The Cold Light of Day,Steven Zaillian,1,142617430
65754,The Girl with the Dragon Tattoo,Steven Zaillian,0,0
345003,10 Days in a Madhouse,Strathford Hamilton,0,0
9620,Paycheck,Stratton Leopold,0,0
1995,Lara Croft: Tomb Raider,Stuart Baird,0,0
16620,La Bamba,Stuart Benjamin,0,0
57876,Area 51,Stuart Ford,2,36146492
102362,Dead Man Down,Stuart Ford,0,0
77951,Walking With Dinosaurs,Stuart Ford,1,-10400026
9089,Home for the Holidays,Stuart Kleinman,0,0
2832,Identity,Stuart M. Besser,2,31496770
11812,The Sweetest Thing,Stuart M. Besser,1,5800000
12158,Vampire in Brooklyn,Stuart M. Besser,0,0
136797,Need for Speed,Stuart M. Besser,3,91756306
451,Leaving Las Vegas,Stuart Reynolds ,0,0
296096,Me Before You,Sue Baden-Powell,1,171140700
68724,Elysium,Sue Baden-Powell,0,0
113464,Inchon,Sun Myung Moon,0,0
11622,Blast from the Past,Sunil Perkash,0,0
20504,The Book of Eli,Susan Downey,1,785148
5236,Kiss Kiss Bang Bang,Susan Downey,0,0
41733,Due Date,Susan Downey,2,77892903
167,K-PAX,Susan G. Pollock,0,0
9360,Anaconda,Susan Ruskin,0,0
131631,The Hunger Games: Mockingjay - Part 1,Suzanne Collins,0,0
1213,The Talented Mr. Ripley,Sydney Pollack,1,118500000
179,The Interpreter,Sydney Pollack,3,204972389
4584,Sense and Sensibility,Sydney Pollack,0,0
4942,Leatherheads,Sydney Pollack,5,279699510
8198,The Quiet American,Sydney Pollack,2,207298265
1123,Catch a Fire,Sydney Pollack,4,287917312
187017,22 Jump Street,Tania Landau,0,0
10550,Ballistic: Ecks vs. Sever,Tarak Ben Ammar,0,0
57201,The Lone Ranger,Ted Elliott,0,0
122081,Spring Breakers,Ted Field,6,155016716
10065,The Amityville Horror,Ted Field,3,27451250
23706,All About Steve,Ted Field,4,116498381
23082,The Invention of Lying,Ted Field,5,141603923
2789,The Chronicles of Riddick,Ted Field,2,16678517
16028,They,Ted Field,1,17537675
1649,Bill & Ted's Bogus Journey,Ted Field,0,0
22947,Up in the Air,Ted Griffin,0,0
470,21 Grams,Ted Hope,0,0
50837,Martha Marcy May Marlene,Ted Hope,1,40427839
849,Krull,Ted Mann,0,0
10445,Shadowlands,Terence A. Clegg,0,0
955,Mission: Impossible II,Terence Chang,0,0
834,Underworld: Evolution,Terry McKay,1,125216468
8643,The Exorcism of Emily Rose,Terry McKay,0,0
9335,Transporter 2,Terry Miller,0,0
1865,Pirates of the Caribbean: On Stranger Tides,Terry Rossio,0,0
11798,This Is England,Tessa Ross,1,42027970
42188,Never Let Me Go,Tessa Ross,5,86170182
1523,The Last King of Scotland,Tessa Ross,0,0
7980,The Lovely Bones,Tessa Ross,4,57644596
59678,Attack the Block,Tessa Ross,9,111124533
13092,How to Lose Friends & Alienate People,Tessa Ross,3,67358297
8321,In Bruges,Tessa Ross,2,47824514
245700,Mr. Turner,Tessa Ross,12,272160945
86838,Seven Psychopaths,Tessa Ross,10,100738684
49020,Submarine,Tessa Ross,8,108442596
76203,12 Years a Slave,Tessa Ross,11,105160945
264644,Room,Tessa Ross,14,305217385
264660,Ex Machina,Tessa Ross,13,283347971
44115,127 Hours,Tessa Ross,6,80625414
44009,Another Year,Tessa Ross,6,80625414
15582,Teen Wolf Too,Thomas Coleman,0,0
32657,Percy Jackson & the Olympians: The Lightning Thief,Thomas M. Hammel,0,0
11170,We Are Marshall,Thomas Tull,2,6861098
9988,Beerfest,Thomas Tull,1,5181129
13183,Watchmen,Thomas Tull,3,-14593538
23629,Sucker Punch,Thomas Tull,4,40665445
9906,The Ant Bully,Thomas Tull,0,0
81005,Jack the Giant Slayer,Thomas Tull,5,48457947
18533,Bronson,Thor Sigurjonsson,0,0
4944,Burn After Reading,Tim Bevan,7,471170074
115,The Big Lebowski,Tim Bevan,3,252002616
11934,The Hudsucker Proxy,Tim Bevan,1,248700832
9654,The Italian Job,Tim Bevan,5,329060511
687,Dead Man Walking,Tim Bevan,2,223638981
747,Shaun of the Dead,Tim Bevan,6,445130682
712,Four Weddings and a Funeral,Tim Bevan,0,0
134,"O Brother, Where Art Thou?",Tim Bevan,4,283192184
12573,A Serious Man,Tim Bevan,8,597890143
10191,How to Train Your Dragon,Tim Johnson,0,0
266647,Pan,Tim Lewis,0,0
87825,Trouble with the Curve,Tim Moore,0,0
190847,The Last Days on Mars,Tim Smith,0,0
87818,Movie 43,Tim Williams,0,0
11667,Street Fighter,Tim Zinnemann,1,45969467
8913,Pet Sematary,Tim Zinnemann,0,0
9306,The Island of Dr. Moreau,Tim Zinnemann,2,110392988
6933,One Missed Call,Timothy M. Bourne,0,0
46528,The Warrior's Way,Timothy White,0,0
4464,Seabiscuit,Tobey Maguire,0,0
10426,Friday After Next,Toby Emmerich,1,233655431
49051,The Hobbit: An Unexpected Journey,Toby Emmerich,10,669060155
22971,Dear John,Toby Emmerich,8,390735359
37786,Sex and the City 2,Toby Emmerich,9,480712463
302699,Central Intelligence,Toby Emmerich,11,1440163723
10929,Willard,Toby Emmerich,3,311608671
88751,Journey to the Center of the Earth,Toby Emmerich,7,334033299
4953,Be Kind Rewind,Toby Emmerich,6,323139052
818,Austin Powers in Goldmember,Toby Emmerich,0,0
9358,Final Destination 2,Toby Emmerich,2,247182266
18276,Hoot,Toby Emmerich,5,329914054
9759,Cellular,Toby Emmerich,4,298491367
9257,S.W.A.T.,Todd Black,0,0
10096,13 Going on 30,Todd Garner,0,0
246655,X-Men: Apocalypse,Todd Hallowell,8,2174956225
96721,Rush,Todd Hallowell,6,1624845826
8871,How the Grinch Stole Christmas,Todd Hallowell,2,532730614
13448,Angels & Demons,Todd Hallowell,5,1418232387
591,The Da Vinci Code,Todd Hallowell,4,775411928
568,Apollo 13,Todd Hallowell,0,0
127585,X-Men: Days of Future Past,Todd Hallowell,7,1677093450
921,Cinderella Man,Todd Hallowell,3,754872017
3595,Ransom,Todd Hallowell,1,303237933
8942,Wendy and Lucy,Todd Haynes,0,0
10336,Spawn,Todd McFarlane,0,0
18442,Decoys,Tom Berry,0,0
4614,The Sum of All Fears,Tom Clancy,0,0
4515,Lions for Lambs,Tom Cruise,3,193843555
13537,Shattered Glass,Tom Cruise,2,196898803
11022,Narc,Tom Cruise,1,190765056
1933,The Others,Tom Cruise,0,0
14351,Crossover,Tom Gores,0,0
5255,The Polar Express,Tom Hanks,0,0
2698,Evan Almighty,Tom Hanks,1,140875730
11631,Mamma Mia!,Tom Hanks,2,138875730
276907,Legend,Tom Hardy,0,0
13051,Max Payne,Tom Karnowski,0,0
97430,The Man with the Iron Fists,Tom Karnowski,1,50416905
1491,The Illusionist,Tom Nunan,0,0
710,GoldenEye,Tom Pevsner,0,0
25704,Post Grad,Tom Pollock,0,0
200505,Draft Day,Tom Pollock,1,-8594755
66,Absolute Power,Tom Rooker,0,0
8202,Æon Flux,Tom Rosenberg,1,2919219
1073,Arlington Road,Tom Rosenberg,0,0
2123,"Me, Myself & Irene",Tom Schulman,0,0
264656,The Homesman,Tommy Lee Jones,0,0
9920,Ultraviolet,Tony Mark,0,0
12162,The Hurt Locker,Tony Mark,1,1070211
87499,The East,Tony Scott,1,52278331
75174,The Grey,Tony Scott,0,0
55720,A Better Life,Tony Thomas,0,0
61984,Space Battleship Yamato,Toshiaki Nakazawa,0,0
51955,Hav Plenty,Tracey Edmonds,0,0
12096,The Pink Panther,Tracey Trench,0,0
44040,Devil,Trish Hofmann,0,0
241771,Beyond the Lights,Tucker Tooley,1,17318349
7445,Brothers,Tucker Tooley,0,0
157841,The Young and Prodigious T.S. Spivet,Tyler Thompson,0,0
455,Bend It Like Beckham,Ulrich Felsberg,0,0
9026,The Importance of Being Earnest,Uri Fruchtmann,0,0
435,The Day After Tomorrow,Ute Emmerich,0,0
117251,White House Down,Ute Emmerich,1,419272402
12142,Alone in the Dark,Uwe Boll,0,0
86837,Amour,Uwe Schott,0,0
3179,Beavis and Butt-Head Do America,Van Toffler,0,0
9451,Election,Van Toffler,1,51118386
7214,Coach Carter,Van Toffler,2,59821240
12094,Jackass Number Two,Van Toffler,3,106491046
18238,Lesbian Vampire Killers,Vic Bateman,0,0
125490,Antiviral,Victor Loewy,1,-9441946
43090,Gunless,Victor Loewy,0,0
9334,The Scorpion King,Vince McMahon,0,0
11358,Walking Tall,Vince McMahon,1,105333180
47088,The Extra Man,Vincent Maraval,0,0
313922,Green Room,Vincent Savino,0,0
10981,Nothing,Vincenzo Natali,0,0
26389,From Paris with Love,Virginie Besson-Silla,0,0
11551,Small Soldiers,Walter F. Parkes,0,0
4147,Road to Perdition,Walter F. Parkes,2,150609099
644,A.I. Artificial Intelligence,Walter F. Parkes,1,14682547
138843,The Conjuring,Walter Hamada,0,0
14811,Fiddler on the Roof,Walter Mirisch,1,7744471
5925,The Great Escape,Walter Mirisch,0,0
12618,Random Hearts,Warren Adler,0,0
36557,Casino Royale,Wayne Anthony,0,0
79698,The Lovers,Wei Han,0,0
21755,The Brothers Bloom,Wendy Japhet,0,0
1921,Sweet November,Wendy Wanderman,0,0
123678,The Act of Killing,Werner Herzog,0,0
294254,Maze Runner: The Scorch Trials,Wes Ball,0,0
10577,Dracula 2000,Wes Craven,2,43883403
11596,New Nightmare,Wes Craven,1,39793222
10072,A Nightmare on Elm Street 3: Dream Warriors,Wes Craven,0,0
1091,The Thing,Wilbur Stark,0,0
10074,Hot Rod,Will Ferrell,1,90466177
12133,Step Brothers,Will Ferrell,2,79800578
9718,Talladega Nights: The Ballad of Ricky Bobby,Will Ferrell,0,0
2048,"I, Robot",Will Smith,0,0
16222,Whatever It Takes,William H. Brown,0,0
546,Transamerica,William H. Macy,0,0
46261,Don't Be Afraid of the Dark,William Horberg,4,-15362513
4960,"Synecdoche, New York",William Horberg,2,-7410428
6615,Lars and the Real Girl,William Horberg,0,0
16614,Adventureland,William Horberg,3,-23026890
8669,Charlie Bartlett,William Horberg,1,-706337
1677,Ray,William J. Immerman,0,0
874,A Man for All Seasons,William N. Graf,0,0
277216,Straight Outta Compton,William Packer,1,-3450523
109417,Battle of the Year,William Packer,0,0
11212,Baby's Day Out,William Ryan,0,0
3597,I Know What You Did Last Summer,William S. Beasley,0,0
1571,Live Free or Die Hard,William Wisher Jr.,0,0
3558,"Girl, Interrupted",Winona Ryder,0,0
10592,Hart's War,Wolfgang Glattes,0,0
2312,In the Name of the King: A Dungeon Siege Tale,Wolfgang Herold,0,0
12117,Instinct,Wolfgang Petersen,0,0
1430,Bowling for Columbine,Wolfram Tichy,0,0
395,AVP: Alien vs. Predator,Wyck Godfrey,0,0
12289,Red Cliff,Xiaofeng Hu,0,0
22794,Cloudy with a Chance of Meatballs,Yair Landau,0,0
16727,The Namesake,Yasushi Kotani,0,0
128,Princess Mononoke,Yasuyoshi Tokuma,0,0
129,Spirited Away,Yasuyoshi Tokuma,1,132875308
109491,Beautiful Creatures,Yolanda T. Cochran,0,0
10930,The Flower of Evil,Yvon Crenn,0,0
225565,That Awkward Moment,Zac Efron,0,0
207769,Banshee Chapter,Zachary Quinto,0,0
235271,Addicted,Zane,0,0
12634,The Big Bounce,Zane Weiner,0,0
9550,House of Flying Daggers,Zhang Weiping,0,0
167073,Brooklyn,Zygi Kamasa,0,0
11818,Valley of the Wolves: Iraq,Zübeyr Şaşmaz,0,0
